Category,Title,Author,Publisher,Price,Publish_Date,Sales_Index,Rating,Age_Scores,Pages,Keywords,Year,Month,Gender,Age,Comments
자기계발,세이노의 가르침,세이노(SayNo) 저,데이원,6480,2023년 03월,1235568,9.0,"{'10대': 10.0, '20대': 8.0, '30대': 9.0, '40대': 9.0, '50대': 9.0}",736,"['#올해의책', '#성공신화', '#성공하고싶다면', '#삶이고민될때', '#인생지침서']",2023,6,1,10,"원문주소 : https://sarak.yes24.com/review/19669167
https://blog.naver.com/woomi1275 


▶▶▶▶▶책장을 덮으며 ▶▶▶▶▶
별점 표가 5개 밖에 없다는것이 매우 아쉽다 ㅠㅠ 

  아 ~ 이 감정을 뭐라고 표현해야 할지 모르겠다. 
자책?   위로?   격려?? 들의 뒤섞인 감정과 
 함께  뜨거운 눈물이 확 올라왔다.
누군가 내게 이렇게 차갑지만 냉정하게 알려준 사람이 있었던가? 
이 부끄러운 자책감이 없어지기 전에 수일 내 다시 이 책을 들춰보려한다. 

▶▶▶▶<세이노의 가르침> 선택한 이유와 첫 인상 ▶▶▶▶
   무려 736 페이지의  거대한 두께와 어마무시한 무게, 
독자에 대한 배려가 전혀 없어 보이는 여백이 없는 빡빡한 문장들,
한마디로 이 책의 첫인상은 자신감이 넘쳐나 거만해 보이기까지 했다.
그럼에도 착한 가격은 ‘ 완독하지 못해도 뭐 어때 ? ’ 란 생각으로 yes 24의 택배비 맞추기 위한 끼워 넣기로 구입하였다. 

▶▶ 끝까지 배려는 없다.  거칠지만  정곡을 콕콕찌른다 ▶▶▶
 
그런데 10여일동안 “설마 완독할 수 있을까?“ 했던 물음이 이 책읅 읽고 싶어서 
출 퇴근시간에 지하철 자리 선점하려는 욕구로 내 눈이 뒤집혔고 심장이 요통쳤다면 믿을까? 
내게 이런 책은 단 한번 도 없었다. 세이노의 말처럼 몰아붙여 짧게 단숨에 완독을 하였다. 아니 손에서 놓을 수가 없었다.


가난한 자의 특성을 버려라 



나는 정말 가난한 자의 특성을 다  가지고 있었다.
 그래서  읽는 내내  그랬다. 세이노의 글에 사실 너무 아팠다. 
세이노는 매 문장, 매 찰나마다 나 스스로를 매몰차게 정면으로 직시하게 만들었다. 내 과거의 삶의 자세와 지금 현재의 모습에 말이다. 
  
삶을 어떻게 살아갈지를 고민해보지 않았기에 나는 1미리도 앞으로 나아가지 못했음에 부끄러웠다.
그러니 누구탓도 아닌 나의 삶의 습관이나 특성, 오로지 나의 삶의 자세가 지금의 나를 여기에 있게 만든것임을 세이노는 내탓이라고 자각하게 만들었다.
매순간 직시하고 ""어떻게 하면 더 잘 할 수 있을까?“ ” 자각하면서 살아라고 바늘로 찔러대며 지혜를 알려준다.


무슨 일이든 더 잘 하는 방법이 있다 
 세이노의 가르침 중 
 라면 끓일때 나 역시 레시피 대로 끓이지 않는다. 아니 읽어보지도 않는다. "" 설마 내가 라면을 못 끓이겠어?"" 라는 다 알고 있다는 선입견과 고정관념이  더 잘 할 수 있는 방법을 찾을 수 없게 만들아 스스로의 내  삶의 습관이 되어있었다. 


그리고 대한항공 땅콩사건에 대한 세이노의 글처럼 우리가 균형있는 시각으로 제대로 알기란 이렇게 어려운 일이었던가? 안다고 했던 것이 정말 제대로 알고 있었던 것이 아닌 것을. 늘 지나고 나면 알게 되는것들이 많다
 늘 일반화의 오류를 범하고야 마는 일을 반복하게 된다.
 ▶▶▶▶자각후  변화의 시발점이 될수 있길 !!!▶▶▶▶

맞다 .
작가의 바램처럼 이 아픈 자책과 자각의 상처로 이제 피나는 노력을 하여  1미리라도 조금씩 움직여서 변화를 시작하여야 한다. 
  
아픈 글뒤의 따뜻한 위로와 응원이 너무 와닿아 글의 일부를 그대로 옮겨본다.   이제  나의 차례다.
 

 P.416
 부자가 되려면 좁은 문으로 가라  중
갑돌이 갑순이 모두 다 덤벼드는 넓은 문은 멸망으로 이끈다고 했다. 사람들이 가기 싫어하는 좁은 문에는 어떤 것들이 있을까? 
더럽고 
위험하고
힘들고
폼이 안 나는 것들??
이 경쟁자가 적으므로 돈을 번단다.
맞다 . 주변 현금과 동산 부자만 봐도 
배추장사, 생선장사, 새우젓장사, 뭐 이런것들로 돈을 벌었단다. 
폼나는 것들로 번 사람을 주위에서 본 적이 없다.
다 맞는 말만 뼈때리게 해 댄다. (수영장청소등의 체면이 없어보여도 이상하게 그렇게 기반을 잡고보면 멋있어보이니   다 본인의 생각에서 비롯됨을 알수 잇네 ) 
 
세이노는 삶의 우열은
 돈으로 가려지는 것은 아니라고는  하지만
세이노가 부자라 그런가, 더불어 내가 부자가 아니라 그런가 
왜 이 책을 읽고 있는 내내  나의 삶이 
일을 통해 더 큰 대가를 얻어내는 방법을 모르는 무지한 열등한 사람이라는 
자괴감이 들까?  늘 지금의 고만고만한 정해진 댓가만큼의 일만 하면 된다는 생각을 의심없이 받아들이며 살았네 

다 알고 있는 듯한  이야기지만
또 아무것도 모르고 있었던 불편한 진실들을 세이노는 자꾸 들춰낸다.
듣고보면  당연한 이야기인데 역시 한번도 그런 자문을 해보지 않았으며 몸에 베여 들러붙은 가난한자의 특성들,  이래서 나는 여지껏 대출이자로 허덕이는 삶을 살고 있는 불편한 진실들을을  내내 직면하는 중이다. 


세이노의 < 이 책을 읽느라 수고했다 > 중에서 
하지만 내 의도는 마비된 줄도 모르고 그저 눈감고 있던 당신의 삶 구석구석을 바늘로 찔러 “ 아하, 그런거였구나” 하고 깨달을 자각이 생기게 하는 것이었다. 
그리하여 당신이 이제 가늘게나마 실눈을 뜨고 몸을 1미리라도 조금씩 움직이기 시작하기를 바랐다. 
 물론 이 책 하나로 당신 삶의 껍질이 당장 벗겨지리라고는 전혀 기대하지 않는다. 그러나 내 글이 시발점이 되어 삶이 바뀌었다는 독자들의 메일을 지난 20년간 숱하게 받아왔기에, 
나는 내 글 속에 돋아 있는 바늘들에 당신이 제대로 찔리고 피나는 노력이 더하여져 상승작용을 한다면 적어도 몇 년 안에는 변화가 생길 것이라는 확신이 있다. 
 삶의 진정한 가치는 내가 나 자신을 직시하고 
내 안에 있는 모든 것을 끄집어내면서 세상 속에서 살아가는 경험의 연장선상에 녹아 있다.
 나는 그렇게 더운 숨을 몰아쉬어 가며 수없이 넘어지고 피를 흘리면서 삶을 살아왔다고 감히 말할 수 있는 행운아다. 
이제 당신의 행운을 빈다. 
세이노의 < 이 책을 읽느라 수고했다 > 중에서 -"
자기계발,데일 카네기 인간관계론 (무삭제 완역본),데일 카네기 저/임상훈 역,현대지성,10350,2019년 10월,242535,9.6,"{'10대': 10.0, '20대': 9.0, '30대': 9.0, '40대': 9.0, '50대': 9.0}",352,"['#서탐대실', '#크레마클럽에있어요', '#북클러버의선택', '#요즘책방:책읽어드립니다', '#인생지침서']",2023,6,1,10,"원문주소 : https://sarak.yes24.com/review/17376573
전 세계적으로 6천만부가 판매된 최고의 인간관계 바이블, 워런 버핏의 인생을 바꿨다는 그 책을 이제서야 읽게 되었다. 우리의 삶 자체가 혼자서는 살 수 없고 매 순간 다른사람과의 관계를 통해서 이루어지기에 한편으로는 너무나 당연하고 뻔한 내용일거라 생각해서 그동안 독서 리스트에서 제외되었던 책이었다. 그런데 갑자기 읽어보고 싶어졌다. 내가 알고 있다고 생각하는 사람을 다루는 핵심 원리들이 과연 다 맞는 것인지, 또 알면서도 실천하지 못하고 있는 것은 없는지 한번 점검해보고 싶었다.
 데일 카네기는 1888년 미국 미주리주에서 가난한 농부의 아들로 태어났다. 어려운 환경속에서도 배움에 대한 열의가 강해 사범대학 졸업 후 교사, 세일즈 맨 등 사람을 대하는 다양한 직업을 거쳤고, 은퇴후 1912년 YMCA에서 대화 및 연설 기술을 강연하면서 일생의 전환점을 맞이했다고 한다. 케네기는 처음으로 인간관계에 대한 강연을 풍성한 사례와 실용적인 원칙들과 함께 제시했으며 그의 가르침은 지금까지도 수많은 사람들을 성공으로 이끌고 있다.
     이 책은  1부 사람을 다루는 기본방법, 2부 사람들이 당신을 좋아하도록 만드는 6가지 방법, 3부 사람을 설득하는 12가지 방법, 4부 기분 상하게 하거나 적개심을 불러일으키지 않고 사람을 바꾸는 9가지 방법, 5부. 기적 같은 결과를 낳은 편지들, 6부. 결혼생활을 행복하게 만드는 7가지 비결 . 이렇게 총 6부로 구성되어 있다. 다양한 사례들로 인간관계를 성공적으로 이끌어 줄 주옥같은 글들에 고개를 끄덕이며 밑줄을 그으며 읽어갔다. 그러나 그 내용들은 개별적인 각각의 것들이 아닌 공통된 진리로 수렴되는 진리들이었다.
    1부. 사람을 다루는 기본 방법으로 데일 카네기가 제일 먼저 제시하는 것은 비판하거나, 비난하거나, 불평하지 말라. 비판을 받지 아니하려거든 비판하지 말라고 조언한다. 자신을 바꾸는 것이 다른 사람을 고치려고 애쓰는 것보다 훨씬 더 유익하고 덜 위험하다. 인품이 훌륭하고 자제력이 있는 사람들은 다른 사람들을 이해하고 용서한다. 칼라일은 ""보잘 것 없는 사람들을 다루는 방식을 보면 그 사람이 위인인지 아닌지를 알 수 있다""고 말했다고 한다. 너무나 공감이 가는 내용이다. 때로 우리가 했던 비난들이 다시 화살이 되어 자신에게 돌아오는 경험을 한 적이 있을 것이다. 누구도 비판받거나 비난받는 것을 좋아하지 않을 것이다. 인간관계의 기본으로 너무나 공감이 가는 법칙이다.
두번째 기본방법은 솔직하게, 진심으로 인정하고 칭찬하라 . 사람이 가지고 있는 최고의 능력을 이끌어내는 방법은 인정과 격려이고, 상관의 비판만큼 야망을 죽이는 것은 없다. 다른 사람의 장점을 이해하려 노력하고 아첨하지 말고 정직하고 진심에서 우러나오는 인정을 해주면 그 사람은 그 말을 소중하게 받아들이고 평생에 걸쳐 그말을 보물처럼 여기고 반복할 것이다.
세번째로 다른 사람에게 열렬한 욕구를 불러일으켜라 . 세상에서 유일하게 다른 사람에게 영향을 미칠 수 있는 방법은 다른 사람이 원하는 것에 대해 이야기하고 어떻게 하면 그것을 얻을 수 있을지 보여주는 방법 뿐이다. 먼저 다른 사람에게 열렬한 욕구를 불러일으켜라. 이를 할 수 있는 사람은 온 세상을 갖게 될 것이다.
진심으로 인정하고 칭찬하고 비판하거나 비난하지 않으며 타인에게 열렬한 욕구를 불러일으키는 이 세가지 인간관계 핵심이론은 개인뿐만 아니라 조직의 리더가 반드시 새겨볼 덕목이라고 생각한다.
  2부에서 제시하는  사람들이 당신을 좋아하게 만드는 방법은 아래 총 6가지로 요약된다.
 1) 다른 사람에게 진심으로 관심을 가져라
 2) 웃어라
 3) 상대방의 이름은 그에게 있어서모든 말 중에서 가장 달콤하고 중요한 말로 들린다는 점을명심하라
 4) 잘 듣는 사람이 되어라, 다른 사람들이 자신에 대해 이야기하도록 만들어라
5) 다른 사람의 관심사에 맞춰 이야기하라
6) 다른 사람으로 하여금 자신이 중요한 사람이라고 느끼게 만들어라. 진심으로 그렇게 행동하라
  그 뒤에 이어지는 3~6부는 사실 어찌보면 1~2부의 핵심내용들을 실천하는 과정이라 볼 수 있어 반복되는 내용들이라 볼 수 있다.
  이 책이 고전으로 오랫동안 사람들의 사랑을 받는 이유는 내용이 특별해서가 아니라 우리가 알고 있지만 실천하지 못했던 진리들을 다시금 일깨워주기 때문일 거라 생각한다.
알고있는 것과 실천하는 것은 완전히 다른 것이므로 카네기의 인간관계론을 늘 머릿속에 생각하고 일상의 매 순간 실천하며 그의 바이블의 마법을 확인해보고 싶다."
자기계발,원씽 THE ONE THING,"게리 켈러, 제이 파파산 저/구세희 역",비즈니스북스,15120,2013년 08월,221520,9.4,"{'10대': 9.0, '20대': 9.0, '30대': 9.0, '40대': 9.0, '50대': 9.0}",280,"['#스페셜에디션', '#성공하고싶다면', '#일하는방식', '#생활습관', '#국립중앙도서관사서추천']",2023,6,1,10,"원문주소 : https://sarak.yes24.com/review/10986385
한참 미니멀리즘이라던가 잘 정리하는 법 같은 책이 유행했던 때가 있었다.
나도 항상 물건이 너저분하게 널려있는 책상 한 구석에서
책만 한 권 겨우 펴놓고 보는 타입이라
정리하기 기술을 알려주는 책을 두어권 사서 읽었다.
그런데 그런 책들이 하나같이 강조하는 것은
정리가 아니라 바로 잘 버리기였다.
나한테 필요하지 않고 중요하지 않은 물건들을
죄다 끌어안고 살려니 정리가 되지 않고
정리를 하더라도 금방 다시 원래대로 돌아간다는 것이다.
과연 물건을 몇 가지 버려보니 속이 시원하고
집이 훨씬 가볍고 정돈된 느낌이 들었다.
그 뒤로 정말 필요하고 중요한 물건이 아니면 그때그때 처분하려고 노력하고 있다.

'원씽'에서 말하고자 하는 것도 비슷하다.
다만 대상이 물건들이 아니라 일이라는 것,
그리고 버리기를 극한의 극한까지 밀어붙여 딱 하나만 남기라는 것이 다르다.
그래야 남다른 성과와 큰 성공을 이룰 수 있다고 한다.
'다른 모든 것을 더욱 쉽거나 필요 없게 만들 단 하나의 일은 무엇인가?'
이러한 초점 탐색 질문을 끊임없이 던지고 생각해서 그 하나에 집중해야 한다.
내가 모든 일을 다 잘 할 수도 없고, 모든 일을 다 완벽하게 하려들어서도 안된다.
나의 재능과 의지력, 시간은 모두 한정된 자원이기 때문이다.

그러기 위해서는 생각할 시간이 필요하다.
보도 섀퍼의 '돈'에서도 하루 종일 일만 하는 사람은 돈을 벌 시간이 없다고,
생각하고 질문하는 시간이 중요하다고 알려준다.
그래서 나의 단 하나는 무엇인지,
그것을 언제 어디서 어떻게 할 것인지 생각하고 계획할 시간을 확보해야 한다.
그런데 책을 읽다보니 저자는 휴식시간을 제일 먼저 확보해야 한다고 한다!
일을 하기도 전에 휴가계획을 먼저 짜라니, 뭔가 굉장한 CEO가 된 듯하다.
쉬면서 재충전하는 것이 그만큼 중요하다는 뜻일 것이다.

단 하나를 정하고 그것에 매진할 때,
그 뒤에 올 혼란을 두려워하지 말라고 말해준다.
그리고 큰 생각과 큰 성취도 두려워하지 말고,
자신의 한계를 미리 설정해놓지 말라고 한다.
흠, 멋지다. 큰 사람이 될 수 있을 것 같다.
멋지지만, 책의 후반부로 갈수록 꼭 큰 성취를 이루어야 하나 의문이 든다.
너무 남성적인 책이라는 느낌도 든다.
책을 읽을 수록 반드시 큰 성취를 이루어야 한다고
계속해서 압박과 푸쉬를 받는 느낌이다.
 꼭 큰 성과를 얻어야 하나?
이것저것 골고루 조금씩 성취하는, 저자의 말대로라면 작게 쪼개진 삶은 의미가 없는건가?
여러 영역에서 박학다식 하거나 잡기에 능하거나
산전수전 다 겪고 안해본 일이 없다거나 하는 사람은 성공하지 못한 사람인가?
반감이 스물스물 올라오고 점점 지루해질 때쯤 책의 마지막 장이 끝났다.

왜 반감이 들까 곰곰이 생각해본다.
저자가 말한대로 큰 것에 대한 두려움 때문일까?
그럴 수도 있겠다.
나는 사람 많은 곳에서나 팀 회의 때는
있는 듯 없는 듯 조용히 행동하려고 하는 소심한 사람이니까.
남다른 성과 어쩌고 하는 부분은 잘 모르겠지만,
일에서도 잘 버리기가 중요하다는 메세지는 아주 좋았다.
일을 하다보면 이것도 해야겠고, 저것도 해야겠고,
이것도 배워둬야 겠고, 저것도 잘 하고 싶고,
그런 것들이 쌓이게 되고 결국 일에 허덕이게 되기 때문이다.
차분히 생각해보고, 정말 나에게 중요하고 가치있는 일들만 선택해야겠다."
자기계발,역행자 확장판,자청 저,웅진지식하우스,17550,2023년 05월,329775,8.5,"{'10대': 10.0, '20대': 9.0, '30대': 9.0, '40대': 9.0, '50대': 9.0}",400,"['#성공학', '#성공의공식', '#성공하는사업의비결', '#자수성가비법', '#창업할때읽으면좋은책']",2023,6,1,10,"원문주소 : https://sarak.yes24.com/review/18194577
51p
나는 신기한 감정을 느꼈다. 평생 책이라곤 읽지 않고 무식하게만 살아왔는데, 하루 종일 책을 읽고 있자니 그런 내 모습에 취하게 되었다. 묘한 자신감도 생기기 시작했다. '이 사람들은 이렇게 어려운 상황 속에서도 결국 해냈네?' 100가지가 넘는 성공 스토리들을 계속 읽다 보니 나도 뭐든 해낼 수 있을 것 같았다. 무의식이 점차 변하기 시작했다.
  나는 지금 자존감이 많이 낮아진 상태다. 새롭게 시작한 21학번(공대)의 공부도 그닥 나와 맞지 않는 것 같다. 배우는 내용 자체는 재밌지만 그것을 가지고 어려운 문제를 풀어야 하는게 정말 싫다. 나는 내 스스로가 많은 잠재력을 가지고 있고 다른 누구보다 성공할 수 있는 사람이라고 생각한다. 내가 지금 이룬 것도, 할 줄 아는 것도 하나 없지만 그런 자만이 있다. 그런데 요즘들어 근자감이 아닐까 싶은 생각이 든다. 대체 뭘 믿고??? 이런 생각... 이런 생각은 대게 자존감이 낮아졌을 때 떠오르곤 한다. 맞다. 나는 지금 자존감이 낮은 상태다. 나는 내 자존감을 끌어올리는 방법을 안다. 일찍 일어나고, 책을 읽고, 운동을 하는 것이다. 그러면 하루만에 기분이 확 좋아진다. 그치만 발을 다친 이후 달기리를 못한다는 이유로 늦잠을 자고, 운동도 안하니 자존감이 낮아진 상태로 계속 지내게 되는 것 같다. 그나마 책은 조금씩 다시 읽기 시작했다. 책을 읽고 포스팅을 쓰는 행위가 내가 괜찮은 사람이었다는 걸 증명해주는 기분을 준다. 이 책의 저자도 책 읽기를 시작으로 인생 역전을 시작했으니 나도 이번 방학 동안 미친듯이 책을 한 번 읽어보려고 한다. ""게임의 공략법은 웹사이트에, 인생의 공략집은 책""에 있다고 하니까 말이다.
    108p
이번 챕터를 넘기기 전에 딱 10분만 책을 덮고 산책을 나가는 건 어떨까. 반드시 휴대전화를 두고 나가야만 한다. '나는 어떤 발언에 과민 반응을 하고 기분 나빠할까?', '이 행동이 과잉 자의식에서 나온 게 아니었을까?', '자의식 상처를 막기 위한 행동 아니었을까?' 걸으면서 이러한 질문들을 곰곰이 생각해보자. 걸음은 좋은 아이디어를 도출하는 최고의 방법 중 하나다.
  이 책을 읽기 전, 책에서 하라는 대로 다 해야겠다고 다짐했다. 가장 먼저 주어진 미션은 핸드폰을 두고 산책 10분하기. 아주 잠시 망설였지만 바로 옷을 갈아입고 남매지 한바퀴를 돌고 왔다. 돌면서 내가 어떤 말들에 과민 반응하고 기분이 안좋아지는지, 어떤 영상들에 질투심과 부러움을 느꼈는지 생각해보았다. 인정하는 것이 그리 어렵진 않았다. 모두 내가 부족한 것이라는 걸 어느 정도는 알고 있었기 때문이다. 오히려 이걸 인정하라고 하니까 조금 마음이 편했기도 하다. 남을 시기하는 감정을 갖고 남 탓을 하며 남을 부러워하는 건 마음 한켠이 굉장히 안좋고, 스스로를 깎아내리는 일임을 잘 알고 있기 때문이다. 내 자의식을 들여다보기 위해 걸었던 이 산책이 그런 나쁜 마음을 가졌던 것에 정식으로 사과를 할 수 있는 시간이 된 것 같다.
    157p
과거엔 새로운 도전이 생존과 직결됐지만 지금은 그렇지 않다. 유튜브나 블로그, 새로운 플랫폼에 도전하다 실패해도 죽지 않는다. 그러나 우리의 겁쟁이 클루지와 게으른 뇌는 '쓸데없는 짓 하지 말고 포테이토칩이나 먹어라'하고 명령을 내린다. 사실 오늘날에는 아무것도 하지 않는 것이 '자유 박탈'이라는 결과를 낳는다. 일평생 인생을 장악할 수도 없이 돈과 시간에 속박되어 살아가는 것이다. 도전과 혁신이 지상명령이 된 지금 겁쟁이 클루지는 자기계발에 큰 장애가 된다. 평생 가난뱅이 순리자로 살게 만드는 치명적인 바이러스다.
  아무것도 하지 않으면 아무 일도 일어나지 않는다는 말은 참으로 무섭다. 클루지는 계속해서 아무것도 하지 않게 만든다. 이를 역행해야한다. 끝없이 실패해야한다. 실패를 두려워하지 않고 도전해야한다. 성공으로 가는 길에 실패가 없을 수는 없다. 더이상 클루지에 잡아먹히지 말자.
    읽으면서 메모한 것들
  역행자 1단계 - 자의식 해체
역행자 2단계 - 정체성 만들기
역행자 3단계 - 유전자 오작동 극복
역행자 4단계 - 뇌 자동화
역행자 5단계 - 역행자의 지식
역행자 6단계 - 경제적 자유를 얻는 구체적 루트
역행자 7단계 - 역행자의 쳇바퀴
    정체성을 바꾸는 방법
책을 통한 간접 최면 - 자수성가한 흙수저들의 책 20권 몰아보기
환경 설계 - 주변에 선언하기
집단무의식 - 관련 집단에 참여하라
    뇌 최적화 1단계 - 22전략
2년간 2시간씩 책 읽기와 글쓰기를 해라.
  뇌 최적화 2단계 - 오목 이론
눈앞의 이득과 소득에 집착하지 않고 장기적으로 두는 수
  뇌 최적화 3단계 - 뇌를 증폭시키는 3가지 방법
1. 안 쓰던 뇌 자극하기
2. 안 가본 길 걷기
3. 충분한 수면
    기버 이론 - 역행자는 1을 받으면 2를 준다
확률 게임 - 역행자는 확률에만 베팅한다
타이탄의 도구 - 유전자에 각인된 장인 정신을 역행하라
1. 온라인 마케팅
a. 블로그 마케팅
b. 인스타그램과 유튜브
c. 네이버 스마트스토어
2. 디자인
3. 동영상 편집 기술
4. PDF 책 제작과 판매
5. 프로그래밍
메타인지 - 주관적인 판단은 순리자들의 전유물이다
실행력 레벨과 관성
    경제적 자유를 위한 5가지 공부법
1. 정체성 변화
2. 20권의 법칙
3. 유튜브 시청
4. 글쓰기를 통한 초사고 세팅
5. 온라인을 넘어 오프라인 학습으로
    젊은 부자들은 어떻게 공부했을까
1. 좋은 유전자와 환경을 타고난 경우
2. 주말 세미나형
3. 책 덕후형
      독서 후기
    이 책을 읽기 시작했을 땐 위에서 적은 것처럼 자존감이 많이 낮은 상태였다. 하루종일 하는 것도 없고, 학교 공부도 재미없고, 뭐 하나 제대로 하는 게 없다는 자괴감으로 하루 하루를 보내고 있었다. 그래서 도피하고자 찾아간 게 책이었는데, 이 책에선 계속 이야기한다. 책을 읽어라. 책을 읽어라. 책을 읽어라. 그 말이 나올 때마다 기분이 좋았다. 아무것도 하기 싫고 그냥 책만 읽고 싶었는데 성공하기 위해선 책을 읽으라고 한다. 이 얼마나 감사한 일인가. 마치 학창시절 부모님께서 공부하지말고 핸드폰 게임하고 놀아야 성공한다고 하는 것 같았다.
이 책을 방금 완독했다. 읽으면서 실행한 것은 무엇이었을까. 일단 폰을 두고 산책을 해보았다. 좋은 아이디어가 많이 떠오를 것이라고 했다. 평소 고민했던 키워드들을 띄워놓고 내 속마음을 들여다보았다. 오직 그것에만 집중할 수 있는 시간이 주어졌다는게, 앞으로도 별로 어려울 것 없이 이런 시간을 만들 수 있다는게 좋았다. 책을 읽기 시작한 날부터 그날 떠올렸던 키워드와 생각들을 블로그에 기록해두고 있다. 이제 이틀차다.
온라인, 오프라인 강의 등록하기 과제도 있었다. 온라인 강의 예시에는 클래스101 구독도 있었는데 그건 하고 있었으니까 됐고, 오프라인 강의를 찾아보았다. 대부분의 소모임은 서울에 집중되어 있었다. 열심히 서치를 하다가 플립, 소모임, 문토라는 세 어플이 가장 유명하단 것을 알게 되었다. 3개 다 다운받았고, 지방 모임은 소모임에 가장 많이 있었다. 소모임에서 독서 모임 2개를 가입했다. 1개의 독서 모임은 동네 책방을 운영하시는 사장님의 소모임이었는데, 이 곳에서 주 4회 글쓰기 챌린지를 진행하고 있었다. 마침 역행자에서 책을 읽고 글을 쓰라고 했기 때문에 이 챌린지가 좋은 동기부여가 될 것 같았다. 7월부터 시작인데 이제 그 키워드들을 들고 핸드폰 없는 산책을 하면 될 것 같다.
대부분의 사람들이 이 책을 읽고 실행하지 않을 거라고 했다. 읽으면서 그 대다수에 속하고 싶지 않았다. 나도 책에서 시키는 대로 열심히 따라서 머지 않아 경제적 자유를 누리는 사람에 속하고 싶었다. 그러기 위해서 지금 해야할 일은 책을 읽고, 글을 쓰는 것이다. 책에서 지금 당장 서점에 가 마케팅 관련 서적을 20개 정도 둘러보고 2~3권을 사오라고 했다. 시키는 대로 하기 위해 난 이제 서점으로 간다."
자기계발,데일 카네기 자기관리론,데일 카네기 저/임상훈 역,현대지성,10350,2021년 01월,152799,9.7,"{'10대': 9.0, '20대': 9.0, '30대': 9.0, '40대': 9.0, '50대': 9.0}",424,"['#페이커가읽은책', '#서탐대실', '#크레마클럽에있어요', '#자기관리', '#건강한자기관리']",2023,6,1,10,"원문주소 : https://sarak.yes24.com/review/15692993

   사람은 망각의 동물이다. 걱정해봐야 벌어진 일은 하나도 해결되지 않건만 항상 걱정을 한다. 카네기가 한 번만 읽지 말고 자주 읽으라는 말은 인간의 문제를 잘 지적했다고 이해되고 잘 마케팅된 조언이라고 본다. 벌어진 일을 해결하는 것은 실력, 실력을 만드는 지식과 경험이 내 안에서 축적될 때에 가능하다. 그 후엔 걱정의 대상을 해체하기 위한 시간의 순서, 순서에 맞는 행동을 결정하면 된다. 물론 실력을 뒷받침하는 좋은 성품이 더해져야 많은 사람들의 도움과 협력을 받아 더 큰 문제를 해결할 수 있다. 그럼에도 할 수 없는 일은 받아들여야 할 뿐이다. 
   이것을 배우는데 얼마나 걸릴까? 내 경험으로 보면 꽤 오래 걸렸다. 그것도 기대하는 수준도 아니다. 이해의 초입에 다다르는데 38년을 넘게 사용했고, 몇 가지를 겨우 사용해 볼 수준이 되는데 10년은 더 사용한 것 같다. 이해하는 것과 할 수 있는 것은 또 다른 문제다. 이때에 성품이 가장 큰 영향을 준다. 
   카네기가 공자를 말할 때 신선했다. 사실 많은 내용은 동양고전을 읽으며 생각하는 과정에서 더 많이 배웠다. 문제라면 대략 어떤 느낌과 감이 오는지는 알겠는데 구체적으로 설명하기 참 어렵다. 그건 내가 부족한 문제다. 신선한다고 표현한 이유는 카네기도 비슷한 말을 한다는 것이다. '걱정은 해결책이 아니다'라는 말보다 '일체유심조'가 더 명확하게 보일 때가 있다. 그 마음에 무엇을 담을 것인가는 각자의 지식 공부와 마음공부에 달린 일이다.
   사실 생각이 바뀌면 행동이 바뀐다는 것은 이성적이고 합리적인 추정이다. 마음이 안 바뀌면 생각이 바뀌어도 희귀한 오류를 양산하는 것이 인간이다. 그런 생각이 많이 들었다. 
   10년 전쯤 머리 싸매고 용을 쓰는 이사님께 ""이사님 걱정돼시죠""라고 물었더니 쉬지도 않고 답이 나온다 ""그렇지"". ""아휴 걱정이 해결책이 아니에요. 늦었으니 얼른 퇴근해서 푹 쉬세요. 저 먼저 퇴근합니다~""라고 했더니 눈이 동그레 지셨던 기억이 생각난다. 분수 것 살아가 봐야겠다.
  #데일카네기 #자기관리론 #누굴탓해? #마음공부 #지식공부 #경험축적 #삼위일체 #독서 #khori"
자기계발,5년 후 나에게 Q&A a day (2024 판타지아 Edition),포터 스타일 저/정지현 역,토네이도,19800,2022년 11월,75264,9.4,"{'10대': 10.0, '20대': 9.0, '30대': 9.0, '40대': 9.0, '50대': 9.0}",368,"['#나를사랑하는나에게', '#다이어리북', '#미래의나에게', '#생활습관', '#관계']",2023,6,1,10,"원문주소 : https://sarak.yes24.com/review/13427969

먼저, 『5년 후 나에게 Q&A a day』 리뷰어로 선정해주셔서 감사합니다.

1. 책을 받아보기전 기대
: 새로운 시작을 앞두고 성장하는 모습을 관찰하고 싶어 서평단에 신청하였습니다.

예전에 카XX선물하기 쇼핑몰에서 『5년 후 나에게 Q&A a day』를 알게되고 구매하였습니다. 컨셉 및 표지가 독특한 점에 끌려 구매를 하였지만, 작성해 가면서 점점 큰 매력을 느껴갔습니다. 매일 매일 다양한 주제가 정해져있어, 글을 쓰는 것을 두려워하고 어려워하던 저였지만 쉽게 작성할 수 있었습니다. 처음 1년은 남들처럼 매일 매일 기록하는 것을 하고 싶어 따라 해보았고, 다음해에는 '작년에는 이러한 일이 있었고, 이러한 생각을 했었네' 하며 작성하였습니다. 몇년이 쌓이니 짧은 시간이였지만 성장하는 저를 발견할 수 있었습니다.

2021년 저는 진급을 하게 되면서 새로운 직급인 '선임연구원'으로 긴 회사생활을 이어 나갈 예정입니다. 새 『5년 후 나에게 Q&A a day』에 '선임연구원'의 저를 기록하면서 성장해가고 싶어 서평단에 신청하게 되었습니다.

감사합니다. : )

2. 두둥! 배송온 책 : )
: 이번에 받은 책은 저번에 구매한 버전보다 더 디자인이 좋았습니다.
a. 북커버

b. 앞표지

c. 뒷표지

d. 이전 버전과 비교 샷

3. 대략의 리뷰
: 이 책은 매일 매일 다른 주제로 5년간 기록할 수 있도록 구성되어 있습니다. 
a. APR. 20
: 샘플 문항으로 제 생일날으로 보여드리고 싶었는데 문항주제가 ^^....

b. APR, 17
: 생일날 대신 다른 날 샘플 주제를 준비해 보았습니다.

예시로 작성해 보았습니다.

+ 추가 : 이 다이어리에 적합한 펜을 찾으면 후기에 추가하겠습니다.

일기는 쓰고 싶은데 내용 구성에 어려움을 겪으시는 분들!
자신이 시간이 지날수록 얼마나 성장하는지 궁금하신분들!
이 책을 추천해 드려요 : )

긴 글 읽어 주셔서 감사합니다.

YES24 리뷰어클럽 서평단 자격으로 작성한 리뷰입니다."
자기계발,다정한 말이 똑똑한 말을 이깁니다,이재은 저,더퀘스트,15930,2023년 06월,27828,9.4,"{'10대': 0.0, '20대': 9.0, '30대': 10.0, '40대': 9.0, '50대': 9.0}",328,['#크레마클럽에있어요'],2023,6,1,10,"원문주소 : https://sarak.yes24.com/review/18321822
이책의 가장 공감되는 부분은 마음 밭이라는 단어였다.
마음 밭
나의 마음을 가꿀 생각을 못 했고, 안 했고, 방법도 당연히 몰랐다.
나는 책임감이 강한 편이다.
그래서인지 사람들에게 부탁도 못하고, 혼자 해내는 편이다.
그러한 성향 때문에 회사에서도 힘듦을 겪고 있다.
점점 혼자만 짊어지고 간다는 생각에 회사 사람들에게 방어적인 자세를 취하게 되었다.
입에서 나오는 말 역시 방어적이었으며 나를 고립시켜 나갔다.
마음에 여유가 없었기 때문이었다.
나는 정말 혼자만의 시간이 필요한 사람이라는 걸 절실하게 다시 한번 느꼈다.
  이 책은, 다정한 말을 할 수 있는 자존감을 기를 수 있는 방법을 알려주고 있다.
  이 책은 다정한 말을 하려면, 기초체력인 자존감을 회복하라고 한다.
자존감을 회복하기 위해서는 나의 마음을 소중하게 돌보는 시간을 가져야 한다.
내가 어떤 사람인지, 무엇을 향해 나아가고 있는지, 무엇을 잘하는지,
무엇을 좋아하는지 확실히 알고 있으면 쉽게 흔들리지 않을 수 있다.
혼자가 편한 당신에게,
위로가 될 책이다."
자기계발,거인의 노트,김익한 저,다산북스,16200,2023년 03월,81498,9.4,"{'10대': 10.0, '20대': 9.0, '30대': 9.0, '40대': 9.0, '50대': 8.0}",292,"['#서탐대실', '#자기기록', '#기록의시작']",2023,6,1,10,"원문주소 : https://sarak.yes24.com/review/17745446
이타성의 자기계발을 전파하시는 김익한교수님의 저서 '거인의 노트'를 손에 들었다. 기록의 중요성에 대한 내용과 실제 적용 하는 방법에 대한 책이다. 매일의 기록을 남기는 난쟁이가 기록을 통해서 진짜 자신을 느끼게된다. 자기다움과 자신이 가치 두는 것을 기록을 통해서 찾아간다. 그리고 기록으로 쌓인 진짜 자기 모습을 통해서 마치 거인의 어깨에 타고 세상을 바라보는 느낌으로 멀리, 깊게 세상을 이해한다. 그래서 거인의 노트이다. 이제 기록하고 거인의 어깨에 올라 세상을 볼일만 남았다. 이 간단한 좋은 습관은 간단하게 이루어지지 않는다. 아침에 일찍 일어나 침구를 정돈하는것은 좋은 습관이다. 가끔 부자가 되기 위한 습관에서 나오는 것을 봤었다. 그렇게 좋다고 하는데 잘 실천하고 있나? 나는 그렇지 못하다. 기록도 마찬가지다. 메모가 좋다는 것은 많은 사람들이 안다. 메모독서법이라는 키워드가 유행했던 적도 있고 메모를 통해서 성공한 사람의 책이 출간된 적도 있었다. 그런 강연이나 독서 통해서 메모가 습관화 되었을까? 또 나는 그렇지 못했다. 습관이 형성되기 위해서는 루틴을 통한 반복이 필수적이다. 루틴의 반복은 말처럼 쉽게 되는게 아니다. 이 책은 성공법 공략을 알려주듯 이것만 하면 성공한다고 말하지 않는다. 기록이라는 의미속에 생각하는 사람이 되어야한다는 더큰 성장의 목표가 있다. 오랜 시간을 걸쳐 기록형 인간으로 성장해가는 아주 긴 인생 로드맵이라 생각된다.
책은 3부로 나눠져있다. 1부는 기록형인간으로 변해가야할 이유를 담았다. 기록을 한다는 것은 성장이자 자유를 향한 길이다. 기록을 통해서 지속성장을 확인하고 삶의 주도권을 잡을수 있다. 루틴과 의식적 연습을 통해 피드백을 거치면서 나선형의 성장을 이루어간다. 성장 과정에서 알게된 것들은 자기화하고 생각의 명시화로 잠재성을 키워나간다. 기록형 인간으로 살게되면 자유로운 삶을 꿈꿀수 있다. 자신이 바라는 진짜 욕망에 대면하는 것이나 진짜 하고싶은 일에 대한 생각 인생의 본질과 관련된 대부분의 문제를 기록을 통해서 보완해가며 자신에게 가까워지는 방향으로 변할수 있다. 2부에서는 요약과 분류법에 대해서 알수 있다. 기록하는데 필요한 요약과 분류는 굉장히 어려워보는데 반해 감각적인 행위로 자신을 믿는 것으로부터 시작된다. 설사 틀렸다고 할지라도 지속적인 기록으로 훈련과정에서 찾아가야한다. 요약과 분류를 위한 법칙은 없다. 3부는 5가지 기록법에 대한 설명이다. 공부, 대화, 생각, 일상, 일을 하면서 기록을 한다. 생각하기 위해 기록을 한다. 기록은 생각의 누적이다. 누적된 생각은 다른것들과의 연결을 통해서 창의력이라는 매력적인 잠재력으로 발휘된다.
이 책을 읽으며 우려되는 점이 있었다. 그냥 읽어봐도 한꺼번에 한사람이 모두 시작하는 것은 불가능하다. 사실 이 많은 기록중에 하나를 시작하는 것도 쉽지 않다. 우선 이게 맞나? 하는 의심때문이다. 저자는 책의 곳곳에서 생각, 기록의 행위를 할때 자신을 믿어야함을 설명했다. 자신을 믿고 마음에 드는 하나의 기록을 시작해보길 권한다. 내가 처음 따라해본 기록은 고민기록이었다. 헬쓰장 트레이너와 1번 수업을 하고 마음에 안드는데 바꿔달라고 요청을 해야할지 말아야할지에 대한 고민을 했었다. 그러다 한번 적어봤다. 바꿔달라고 했을때의 장점과 단점, 그냥 마음에 안드는 트레이너와 운동을 할때 장점과 단점. 장단점과 함께 느낌과 생각을 노트에 적어보자마자 당장 헬쓰장으로가서 바꿔달라는 요청을 했다. 바꿨을때의 단점은 이전의 트레이너를 보게될때 불편감 뿐이었다. 나머지 장점을 감내하기엔 너무나 큰 단점이었다. 자장면에 머리카락이 나오면 조용히 꺼내고 먹는 내가 메모를 통해 상황을 명확히 바라보고 합리적인 결정을 했다는 뿌듯함은 덤이었다. 한번의 성공경험이 습관을 만들어주지는 않는다. 하지만 의심을 줄이는 큰 역할을 할수 있었다. 그렇기에 하나를 시작해보길 권한다. 지난 8월 아이캔유튜브대학 수강을 시작으로 현재 3학기에 재학중이다. 아직도 저 많은 기록중에 아주 일부만 따라하고 있다. 따라하고 있는 것도 며칠에 한번씩 ""이게맞나?""라는 생각이 떠오른다. 그릿 책에보면 그릿하기 위해서는 끈기있는 문화속에 속하라는 저자 앤절라 더크워스의 조언이 있었다. 기록형 인간으로 성장하기 위해서 내가 이 영토에 머물고 있는 이유다. 성장은 평생 하는 것이다. 단숨에 거인의 어깨에 올라앉고싶은 욕심이야 당연하지만 오늘 할수 있는 자기화된 기록을 나의 언어로 남긴다. 하나의 기록이 당연해 졌을때 또하나를 얹고 그위에 또다른 기록을 얹어 발밑에 깔린 기록이 어느날보니 거인의 어깨까지 되길 바래본다."
자기계발,타이탄의 도구들 (블랙 에디션),"팀 페리스 저/박선령, 정지현 역",토네이도,16200,2022년 06월,158916,9.3,"{'10대': 6.0, '20대': 9.0, '30대': 9.0, '40대': 9.0, '50대': 8.0}",367,"['#책읽아웃', '#크레마클럽에있어요', '#인생지침서', '#오늘부터시작', '#성공하고싶다면']",2023,6,1,10,"원문주소 : https://sarak.yes24.com/review/9663913
감동과 카타르시스를 주는 책이 있다. 스토리가 재미있어서 술술 책장이 넘어가는 책도 있다. 지루한 책도 있고, 얻을 것이 거의 없는 악서도 있게 마련이다. [타이탄의 도구들]을 읽고 나서 느끼는 점은 단순한 자기계발서가 아니라는 것이다. 자각과 통찰, 깨달음과 자극을 준다는 점에서는 철학서 못지 않고, 실천의지를 다지게 해주는 점에서는 훌륭한 자기계발서이다. 위대한 인물들의 스토리와 생활습관을 돌아볼 수 있다는 점에서는 여러 인물들의 다이제스트판 옴니버스 평전일 수도 있을 것이다.

사람들은 자기계발서를 도외시하는 경우가 적지 않다. 왜 그럴까? 나는 곰곰히 생각해 보았다. 여러 가지로 도움이 되는 내용과 교훈을 담고 있는데, 외면하는 이유는 뭘까? 바로 실행력에 있었다. 만약 독자들이 자기계발서를 읽고 느낀 교훈과 자각을 곧바로 실천에 옮겨 습관화했다면, 분명 삶이 나아질 것이고, 결국 그 책에 대한 만족도는 높아질 것이다. 하지만 독서와 실천이 이어지지 못하는 경우가 대부분이기에 결국 읽어봐야 소용이 없다고 생각할 수 있을 것이다.

전에 읽었던 책들, [실행에 집중하라], [끝까지 하는 힘], [The One Thing], [실행이 답이다] 등은 모두 비전과 목표를 중시하는 동시에 실천력을 매우 강조한 책들이다. 결국 현장에 답이 있고, 실천과 추진력이 성과를 내고 목표를 달성하는 법이다. 제2차 세계대전에서 연합국의 반대편에 있었던 독일의 명장 에르빈 롬멜이 쓴 책을 읽었는데, 그 제목이 아직도 생생하고 나의 사고를 지배하고 있다. 바로 [나는 탁상위의 전략은 믿지 않는다]이다. 그 책을 읽고나서는 탁상공론, 실천없는 목표 등을 가장 경계하고 멀리하게 되었다. 꿈만 꾸는 사람이 되기 싫었다. 밀고 나가는 힘, 끝까지 해내는 힘을 갖고 싶었고, 사소한 한가지라도 반드시 이뤄내, 이런 성취감을 차곡차곡 쌓아올리는 것에 대해 관심을 갖게 되었다.

이 책은 출간 전부터 세간의 관심을 받았다고 한다. 저자는 글로벌 CEO, 석학, 언론들에게서 ‘이 시대 가장 혁신적인 아이콘’으로 평가받는 프린스턴 대학교의 교수이다. 프린스턴 대학교에서 ‘기업가 정신’을 강의하는 그의 책, [타이탄의 도구들]은 2017년 아마존 종합 베스트셀러 1위에 올랐다고 한다. 세스 고딘, 알랭 드 보통, 말콤 글래드웰, 파울로 코엘료 등 세계적인 석학, 작가들을 비롯해 구글, 픽사, 페이팔, 인스타그램, 넷플릭스 등 최고의 혁신기업 창업가와 CEO, 슈퍼리치, 협상가, 크리에이티브 디렉터, 예술가, 전문직 종사자, 피트니스 전문가에 이르기까지 다양한 타이탄들이 팀 페리스의 방송에 나와 삶의 철학과 습관, 성공담을 공유했다고 한다. 저자의 [팀 페리스 쇼]는 아이튠스에서 3년 연속 최고의 청취율을 기록했고, 팟캐스트 비즈니스 분야 최초로 다운로드 수 1억 회를 돌파했다고 한다.

세계 최고들의 생생한 목소리가 담긴 인터뷰, 그리고 그들이 제시한 다양한 성공 비결들을 자신의 일상에 직접 적용해 얻은 탁월한 성과와 경험들을 총 망라해 이 책에 담았다. 저자는 타이탄들의 성공비결을 한 마디로 요약한다. 그것은 바로 [담대한 목표와 그것을 돕는 디테일]이다. 그들은 작은 것에서 큰 기회를 찾아내는 남다른 일상의 루틴과 습관을 갖고 있었다고 한다. 강력한 집중력을 가졌고, 사소한 일이라도 반드시 목표를 이루는 사람들이었다. 그리고 매일 실패에서 배우는 사람들이다.

이 책은 스티브잡스, 일론 머스크, 마크 저커버그, 제프 베조스, 리처드 브랜슨 등 글로벌 기업의 창업가와 같은 1등을 거론하지 않는다. 하지만 이 책에 등장하는 60여명의 타이탄들은 1등과 싸워 이긴 사람들이었다. 따라서 신화적인 요소는 발견되지 않는다. 우리가 따라하기 힘든 것들, 너무나 먼 나라의 이야기가 아닌, 우리가 일상에서 곧바로 실천하고 습관화할 수 있는, 하지만 탁월한 내용들로 꽉 차 있다.

이 책은 세상에서 가장 성공한 사람들, 지혜로운 사람들, 건강한 사람들로 분류하고, 모두 61개의 테마로 구성되어 있다. 테마별로 해당되는 타이탄들이 등장하고, 그들과의 인터뷰, 함께 했던 경험 등을 기반으로 해서 저자의 경험을 더해, 독자에게 깨달음과 통찰을 선물하고 있다. 흥미진진한 내용들과 놀랄만한 성취경험, 그리고 매우 단순한 실천방법과 루틴 등을 배우게 된다. 61개의 다양한 분야와 스토리에 등장하는 타이탄들의 성취와 습관, 실패를 딛고 일어선 경험과 노하우 등을 접하게 되고, 저자의 실천 경험과 어우러져 독자들에게 교훈과 방향성을 제시하고 있는 책이다.

결점 투성이의 사람들이 땀과 노력, 정교한 계획과 전략으로 한 걸음씩 전진한 놀라운 성취들이 독자들을 열광하게 만든다. 결국 이 책의 독자는 나도 할 수 있겠구나라는 자신감을 얻게 되고, 목표를 이루는 많은 방법들을 배우게 된다. 물론 실천은 독자의 몫이지만, 일상의 루틴을 만들고, 그 루틴을 반복적으로 행해 습관화하는 것의 중요함을 절실히 깨닫게 된다. 담대한 목표를 세우는 것에 거리감 없이 도전하게 만든다. 일상에서 요구하는 수준 이상의 담대한 목표를 갖는 것이 얼마나 중요한지 깨닫게 하고, 장기적이고 원대한 목표에 다가서는 독자에게 플레잉 코치처럼 동행하며 조언을 해주는 역할을 한다.

1회독으로 끝낼 책은 절대 아니라고 생각한다. 밑줄을 긋고, 형광펜을 입히고, 책 모서리를 접으면서 매우 즐겁게, 감동적으로, 고개를 끄덕여가며 읽었다. 당장 삶 속에서 실천해보고 싶은 내용들은 메모도 하게 되었다. 인스턴트 음식이 아닌 잘 차려진 만찬과도 같은 책이다. 이미 지인들에게 몇 권을 선물했는데, 몇 권 더 구입할 생각이다. 적이 알면 안되는(?) 책이라고 말하면 지나친 과장일까? 소장가치가 충분하고 필요할 때 다시 꺼내 읽어야 하는 그런 책이다. 여운이 오래가는 명저라고 생각한다."
자기계발,프레임,최인철 저,21세기북스,18000,2021년 03월,67479,9.6,"{'10대': 0.0, '20대': 10.0, '30대': 9.0, '40대': 9.0, '50대': 10.0}",308,['#크레마클럽에있어요'],2023,6,1,10,"원문주소 : https://sarak.yes24.com/review/16568860
예쁜 풍경을 보고 사진을 찍을 때 사람들은 저마다의 기준으로 사진을 담아 낸다. 같은 풍경을 바라봐도 전부 다른 작품이 나오는데 그 이유는 각자가 가지고 있는 프레임의 차이에서 비롯 된다. 프레임은 특정 장면이나 대상을 하나의 독립된 실체로 골라내는 기능을 하며 세상을 한쪽으로 보도록 하기도 하고, 세상을 제한하는 역할을 하기도 한다.
이 책에서는 자기만의 프레임에 갇혀 세상을 바라보는 핑크대왕 퍼시 이야기와 맥락의 중요성을 알려 준 주차 이야기 그리고 책의 마지막 부분에 나오는 지혜로운 소비를 위한 공돈과 푼돈의 함정 이야기 등 일상에서 일어나는 많은 사례를 통해 잘못된 프레임이 어떤 행동과 결과를 초래하는지 알게 해준다
""모든 출구는 어딘가로 들어가는 입구다.""
책을 펼치기도 전에 고정관념을 일깨워 준 문장이 눈에 들어왔다. 출구가 입구가 될 수도 있겠다는 생각은 한번도 해보지 못헸기 때문에 이 문장은 참신했다. 반대로, 모든 입구도 어딘가로 나가는 출구가 될 수 있다는 상황을 생각을 하면서 리프레임의 묘미를 느낄 수 있었다. 또한, 좌뇌와 우뇌를 같이 사용하면 뇌건강에 좋다는 말이 있듯이 프레임을 리프레임하는 것 역시 사고 확장에 중요하다고 볼 수 있고 관점을 살짝만 바꿔도 결과가 달라질 수 있다는 사실에서 리프레임을 해야하는 이유를 알게 해주었다.
  의미중심의 프레임, 접근프레임, 지금 여기 프레임 등 책에 제시 된 많은 사례만이라도 기억하고 실천해보자는 생각을 하며 그 중에서도 마음에 와 닿은 3가지를 꼽아봤다.
  첫째, 사람 프레임으로 보지 말고 상황 프레임으로 보자. 가끔 이해 안가는 행동을 하는 사람을 볼 때 “저 친구 또라이 아냐” 라는 말을 하곤 했다. 하지만, 그 친구가 그러한 행동을 한 이유에 대해서도 상황이 그렇게 만든 것이라는 생각을 하니깐 이해도 되고 오히려, 나로 인해 그랬을 수도 있겠다라는 생각이 든다. 내가 상황이다를 적용하니 애매했던 인간관계의 퍼즐이 풀리고 관대해짐을 느낄 수 있었다. 
둘째, 사람의 외모를 보고 평가 하는 편견 프레임으로부터 벗어나자. 새로운 사람을 만나게 되면 먼저 외모부터 평가한다 예쁘게 생긴 사람은 마음도 예쁠거라는 편견, 뚱뚱한 사람은 게으를 거라는 편견, 덩치가 큰 사람은 무서울 거라는 편견 등 지나친 외모 편견으로 사람을 평가해서 곤란한 적도 있었다. 이제 나이도 지천명에 가까워지고 있으니 편견 없이 세상과 사람을 바라보는 지혜로운 중년으로 성장할 것으로 다짐하며 그동안의 편견을 반성 해본다.
셋째, 비교 프레임을 버리고 과거보다 성장한 나를 비교하는 진취적인 프레임을 갖자. 요즘도 여전히 애들 공부, 나의 자산 현황 , 골프 실력 등 남과 비교하면서 나를 피곤하게 만들곤 한다. 남과의 비교는 고단한 전시적 인생이라는 말을 잊지 말고 비교 프레임을 버리고 과거보다 성장한 지금을 더 응원하고 격려 해 주는 상위 프레임을 갖도록 하자.
  끝으로, 집을 지을 때 최상의 전망을 얻기 위해 창을 어디에 낼지 고심하는 것처럼, 내 삶 또한 더 윤택하고 지혜롭게 살기 위해서 어떤 프레임으로 세상을 바라 볼 것인지 최상의 프레임을 찾을 것을 다짐해본다."
자기계발,세이노의 가르침,세이노(SayNo) 저,데이원,6480,2023년 03월,1235568,9.0,"{'10대': 10.0, '20대': 8.0, '30대': 9.0, '40대': 9.0, '50대': 9.0}",736,"['#올해의책', '#성공신화', '#성공하고싶다면', '#삶이고민될때', '#인생지침서']",2023,6,0,10,"원문주소 : https://sarak.yes24.com/review/19669167
https://blog.naver.com/woomi1275 


▶▶▶▶▶책장을 덮으며 ▶▶▶▶▶
별점 표가 5개 밖에 없다는것이 매우 아쉽다 ㅠㅠ 

  아 ~ 이 감정을 뭐라고 표현해야 할지 모르겠다. 
자책?   위로?   격려?? 들의 뒤섞인 감정과 
 함께  뜨거운 눈물이 확 올라왔다.
누군가 내게 이렇게 차갑지만 냉정하게 알려준 사람이 있었던가? 
이 부끄러운 자책감이 없어지기 전에 수일 내 다시 이 책을 들춰보려한다. 

▶▶▶▶<세이노의 가르침> 선택한 이유와 첫 인상 ▶▶▶▶
   무려 736 페이지의  거대한 두께와 어마무시한 무게, 
독자에 대한 배려가 전혀 없어 보이는 여백이 없는 빡빡한 문장들,
한마디로 이 책의 첫인상은 자신감이 넘쳐나 거만해 보이기까지 했다.
그럼에도 착한 가격은 ‘ 완독하지 못해도 뭐 어때 ? ’ 란 생각으로 yes 24의 택배비 맞추기 위한 끼워 넣기로 구입하였다. 

▶▶ 끝까지 배려는 없다.  거칠지만  정곡을 콕콕찌른다 ▶▶▶
 
그런데 10여일동안 “설마 완독할 수 있을까?“ 했던 물음이 이 책읅 읽고 싶어서 
출 퇴근시간에 지하철 자리 선점하려는 욕구로 내 눈이 뒤집혔고 심장이 요통쳤다면 믿을까? 
내게 이런 책은 단 한번 도 없었다. 세이노의 말처럼 몰아붙여 짧게 단숨에 완독을 하였다. 아니 손에서 놓을 수가 없었다.


가난한 자의 특성을 버려라 



나는 정말 가난한 자의 특성을 다  가지고 있었다.
 그래서  읽는 내내  그랬다. 세이노의 글에 사실 너무 아팠다. 
세이노는 매 문장, 매 찰나마다 나 스스로를 매몰차게 정면으로 직시하게 만들었다. 내 과거의 삶의 자세와 지금 현재의 모습에 말이다. 
  
삶을 어떻게 살아갈지를 고민해보지 않았기에 나는 1미리도 앞으로 나아가지 못했음에 부끄러웠다.
그러니 누구탓도 아닌 나의 삶의 습관이나 특성, 오로지 나의 삶의 자세가 지금의 나를 여기에 있게 만든것임을 세이노는 내탓이라고 자각하게 만들었다.
매순간 직시하고 ""어떻게 하면 더 잘 할 수 있을까?“ ” 자각하면서 살아라고 바늘로 찔러대며 지혜를 알려준다.


무슨 일이든 더 잘 하는 방법이 있다 
 세이노의 가르침 중 
 라면 끓일때 나 역시 레시피 대로 끓이지 않는다. 아니 읽어보지도 않는다. "" 설마 내가 라면을 못 끓이겠어?"" 라는 다 알고 있다는 선입견과 고정관념이  더 잘 할 수 있는 방법을 찾을 수 없게 만들아 스스로의 내  삶의 습관이 되어있었다. 


그리고 대한항공 땅콩사건에 대한 세이노의 글처럼 우리가 균형있는 시각으로 제대로 알기란 이렇게 어려운 일이었던가? 안다고 했던 것이 정말 제대로 알고 있었던 것이 아닌 것을. 늘 지나고 나면 알게 되는것들이 많다
 늘 일반화의 오류를 범하고야 마는 일을 반복하게 된다.
 ▶▶▶▶자각후  변화의 시발점이 될수 있길 !!!▶▶▶▶

맞다 .
작가의 바램처럼 이 아픈 자책과 자각의 상처로 이제 피나는 노력을 하여  1미리라도 조금씩 움직여서 변화를 시작하여야 한다. 
  
아픈 글뒤의 따뜻한 위로와 응원이 너무 와닿아 글의 일부를 그대로 옮겨본다.   이제  나의 차례다.
 

 P.416
 부자가 되려면 좁은 문으로 가라  중
갑돌이 갑순이 모두 다 덤벼드는 넓은 문은 멸망으로 이끈다고 했다. 사람들이 가기 싫어하는 좁은 문에는 어떤 것들이 있을까? 
더럽고 
위험하고
힘들고
폼이 안 나는 것들??
이 경쟁자가 적으므로 돈을 번단다.
맞다 . 주변 현금과 동산 부자만 봐도 
배추장사, 생선장사, 새우젓장사, 뭐 이런것들로 돈을 벌었단다. 
폼나는 것들로 번 사람을 주위에서 본 적이 없다.
다 맞는 말만 뼈때리게 해 댄다. (수영장청소등의 체면이 없어보여도 이상하게 그렇게 기반을 잡고보면 멋있어보이니   다 본인의 생각에서 비롯됨을 알수 잇네 ) 
 
세이노는 삶의 우열은
 돈으로 가려지는 것은 아니라고는  하지만
세이노가 부자라 그런가, 더불어 내가 부자가 아니라 그런가 
왜 이 책을 읽고 있는 내내  나의 삶이 
일을 통해 더 큰 대가를 얻어내는 방법을 모르는 무지한 열등한 사람이라는 
자괴감이 들까?  늘 지금의 고만고만한 정해진 댓가만큼의 일만 하면 된다는 생각을 의심없이 받아들이며 살았네 

다 알고 있는 듯한  이야기지만
또 아무것도 모르고 있었던 불편한 진실들을 세이노는 자꾸 들춰낸다.
듣고보면  당연한 이야기인데 역시 한번도 그런 자문을 해보지 않았으며 몸에 베여 들러붙은 가난한자의 특성들,  이래서 나는 여지껏 대출이자로 허덕이는 삶을 살고 있는 불편한 진실들을을  내내 직면하는 중이다. 


세이노의 < 이 책을 읽느라 수고했다 > 중에서 
하지만 내 의도는 마비된 줄도 모르고 그저 눈감고 있던 당신의 삶 구석구석을 바늘로 찔러 “ 아하, 그런거였구나” 하고 깨달을 자각이 생기게 하는 것이었다. 
그리하여 당신이 이제 가늘게나마 실눈을 뜨고 몸을 1미리라도 조금씩 움직이기 시작하기를 바랐다. 
 물론 이 책 하나로 당신 삶의 껍질이 당장 벗겨지리라고는 전혀 기대하지 않는다. 그러나 내 글이 시발점이 되어 삶이 바뀌었다는 독자들의 메일을 지난 20년간 숱하게 받아왔기에, 
나는 내 글 속에 돋아 있는 바늘들에 당신이 제대로 찔리고 피나는 노력이 더하여져 상승작용을 한다면 적어도 몇 년 안에는 변화가 생길 것이라는 확신이 있다. 
 삶의 진정한 가치는 내가 나 자신을 직시하고 
내 안에 있는 모든 것을 끄집어내면서 세상 속에서 살아가는 경험의 연장선상에 녹아 있다.
 나는 그렇게 더운 숨을 몰아쉬어 가며 수없이 넘어지고 피를 흘리면서 삶을 살아왔다고 감히 말할 수 있는 행운아다. 
이제 당신의 행운을 빈다. 
세이노의 < 이 책을 읽느라 수고했다 > 중에서 -"
자기계발,역행자 확장판,자청 저,웅진지식하우스,17550,2023년 05월,329775,8.5,"{'10대': 10.0, '20대': 9.0, '30대': 9.0, '40대': 9.0, '50대': 9.0}",400,"['#성공학', '#성공의공식', '#성공하는사업의비결', '#자수성가비법', '#크레마클럽에있어요']",2023,6,0,10,"원문주소 : https://sarak.yes24.com/review/18194577
51p
나는 신기한 감정을 느꼈다. 평생 책이라곤 읽지 않고 무식하게만 살아왔는데, 하루 종일 책을 읽고 있자니 그런 내 모습에 취하게 되었다. 묘한 자신감도 생기기 시작했다. '이 사람들은 이렇게 어려운 상황 속에서도 결국 해냈네?' 100가지가 넘는 성공 스토리들을 계속 읽다 보니 나도 뭐든 해낼 수 있을 것 같았다. 무의식이 점차 변하기 시작했다.
  나는 지금 자존감이 많이 낮아진 상태다. 새롭게 시작한 21학번(공대)의 공부도 그닥 나와 맞지 않는 것 같다. 배우는 내용 자체는 재밌지만 그것을 가지고 어려운 문제를 풀어야 하는게 정말 싫다. 나는 내 스스로가 많은 잠재력을 가지고 있고 다른 누구보다 성공할 수 있는 사람이라고 생각한다. 내가 지금 이룬 것도, 할 줄 아는 것도 하나 없지만 그런 자만이 있다. 그런데 요즘들어 근자감이 아닐까 싶은 생각이 든다. 대체 뭘 믿고??? 이런 생각... 이런 생각은 대게 자존감이 낮아졌을 때 떠오르곤 한다. 맞다. 나는 지금 자존감이 낮은 상태다. 나는 내 자존감을 끌어올리는 방법을 안다. 일찍 일어나고, 책을 읽고, 운동을 하는 것이다. 그러면 하루만에 기분이 확 좋아진다. 그치만 발을 다친 이후 달기리를 못한다는 이유로 늦잠을 자고, 운동도 안하니 자존감이 낮아진 상태로 계속 지내게 되는 것 같다. 그나마 책은 조금씩 다시 읽기 시작했다. 책을 읽고 포스팅을 쓰는 행위가 내가 괜찮은 사람이었다는 걸 증명해주는 기분을 준다. 이 책의 저자도 책 읽기를 시작으로 인생 역전을 시작했으니 나도 이번 방학 동안 미친듯이 책을 한 번 읽어보려고 한다. ""게임의 공략법은 웹사이트에, 인생의 공략집은 책""에 있다고 하니까 말이다.
    108p
이번 챕터를 넘기기 전에 딱 10분만 책을 덮고 산책을 나가는 건 어떨까. 반드시 휴대전화를 두고 나가야만 한다. '나는 어떤 발언에 과민 반응을 하고 기분 나빠할까?', '이 행동이 과잉 자의식에서 나온 게 아니었을까?', '자의식 상처를 막기 위한 행동 아니었을까?' 걸으면서 이러한 질문들을 곰곰이 생각해보자. 걸음은 좋은 아이디어를 도출하는 최고의 방법 중 하나다.
  이 책을 읽기 전, 책에서 하라는 대로 다 해야겠다고 다짐했다. 가장 먼저 주어진 미션은 핸드폰을 두고 산책 10분하기. 아주 잠시 망설였지만 바로 옷을 갈아입고 남매지 한바퀴를 돌고 왔다. 돌면서 내가 어떤 말들에 과민 반응하고 기분이 안좋아지는지, 어떤 영상들에 질투심과 부러움을 느꼈는지 생각해보았다. 인정하는 것이 그리 어렵진 않았다. 모두 내가 부족한 것이라는 걸 어느 정도는 알고 있었기 때문이다. 오히려 이걸 인정하라고 하니까 조금 마음이 편했기도 하다. 남을 시기하는 감정을 갖고 남 탓을 하며 남을 부러워하는 건 마음 한켠이 굉장히 안좋고, 스스로를 깎아내리는 일임을 잘 알고 있기 때문이다. 내 자의식을 들여다보기 위해 걸었던 이 산책이 그런 나쁜 마음을 가졌던 것에 정식으로 사과를 할 수 있는 시간이 된 것 같다.
    157p
과거엔 새로운 도전이 생존과 직결됐지만 지금은 그렇지 않다. 유튜브나 블로그, 새로운 플랫폼에 도전하다 실패해도 죽지 않는다. 그러나 우리의 겁쟁이 클루지와 게으른 뇌는 '쓸데없는 짓 하지 말고 포테이토칩이나 먹어라'하고 명령을 내린다. 사실 오늘날에는 아무것도 하지 않는 것이 '자유 박탈'이라는 결과를 낳는다. 일평생 인생을 장악할 수도 없이 돈과 시간에 속박되어 살아가는 것이다. 도전과 혁신이 지상명령이 된 지금 겁쟁이 클루지는 자기계발에 큰 장애가 된다. 평생 가난뱅이 순리자로 살게 만드는 치명적인 바이러스다.
  아무것도 하지 않으면 아무 일도 일어나지 않는다는 말은 참으로 무섭다. 클루지는 계속해서 아무것도 하지 않게 만든다. 이를 역행해야한다. 끝없이 실패해야한다. 실패를 두려워하지 않고 도전해야한다. 성공으로 가는 길에 실패가 없을 수는 없다. 더이상 클루지에 잡아먹히지 말자.
    읽으면서 메모한 것들
  역행자 1단계 - 자의식 해체
역행자 2단계 - 정체성 만들기
역행자 3단계 - 유전자 오작동 극복
역행자 4단계 - 뇌 자동화
역행자 5단계 - 역행자의 지식
역행자 6단계 - 경제적 자유를 얻는 구체적 루트
역행자 7단계 - 역행자의 쳇바퀴
    정체성을 바꾸는 방법
책을 통한 간접 최면 - 자수성가한 흙수저들의 책 20권 몰아보기
환경 설계 - 주변에 선언하기
집단무의식 - 관련 집단에 참여하라
    뇌 최적화 1단계 - 22전략
2년간 2시간씩 책 읽기와 글쓰기를 해라.
  뇌 최적화 2단계 - 오목 이론
눈앞의 이득과 소득에 집착하지 않고 장기적으로 두는 수
  뇌 최적화 3단계 - 뇌를 증폭시키는 3가지 방법
1. 안 쓰던 뇌 자극하기
2. 안 가본 길 걷기
3. 충분한 수면
    기버 이론 - 역행자는 1을 받으면 2를 준다
확률 게임 - 역행자는 확률에만 베팅한다
타이탄의 도구 - 유전자에 각인된 장인 정신을 역행하라
1. 온라인 마케팅
a. 블로그 마케팅
b. 인스타그램과 유튜브
c. 네이버 스마트스토어
2. 디자인
3. 동영상 편집 기술
4. PDF 책 제작과 판매
5. 프로그래밍
메타인지 - 주관적인 판단은 순리자들의 전유물이다
실행력 레벨과 관성
    경제적 자유를 위한 5가지 공부법
1. 정체성 변화
2. 20권의 법칙
3. 유튜브 시청
4. 글쓰기를 통한 초사고 세팅
5. 온라인을 넘어 오프라인 학습으로
    젊은 부자들은 어떻게 공부했을까
1. 좋은 유전자와 환경을 타고난 경우
2. 주말 세미나형
3. 책 덕후형
      독서 후기
    이 책을 읽기 시작했을 땐 위에서 적은 것처럼 자존감이 많이 낮은 상태였다. 하루종일 하는 것도 없고, 학교 공부도 재미없고, 뭐 하나 제대로 하는 게 없다는 자괴감으로 하루 하루를 보내고 있었다. 그래서 도피하고자 찾아간 게 책이었는데, 이 책에선 계속 이야기한다. 책을 읽어라. 책을 읽어라. 책을 읽어라. 그 말이 나올 때마다 기분이 좋았다. 아무것도 하기 싫고 그냥 책만 읽고 싶었는데 성공하기 위해선 책을 읽으라고 한다. 이 얼마나 감사한 일인가. 마치 학창시절 부모님께서 공부하지말고 핸드폰 게임하고 놀아야 성공한다고 하는 것 같았다.
이 책을 방금 완독했다. 읽으면서 실행한 것은 무엇이었을까. 일단 폰을 두고 산책을 해보았다. 좋은 아이디어가 많이 떠오를 것이라고 했다. 평소 고민했던 키워드들을 띄워놓고 내 속마음을 들여다보았다. 오직 그것에만 집중할 수 있는 시간이 주어졌다는게, 앞으로도 별로 어려울 것 없이 이런 시간을 만들 수 있다는게 좋았다. 책을 읽기 시작한 날부터 그날 떠올렸던 키워드와 생각들을 블로그에 기록해두고 있다. 이제 이틀차다.
온라인, 오프라인 강의 등록하기 과제도 있었다. 온라인 강의 예시에는 클래스101 구독도 있었는데 그건 하고 있었으니까 됐고, 오프라인 강의를 찾아보았다. 대부분의 소모임은 서울에 집중되어 있었다. 열심히 서치를 하다가 플립, 소모임, 문토라는 세 어플이 가장 유명하단 것을 알게 되었다. 3개 다 다운받았고, 지방 모임은 소모임에 가장 많이 있었다. 소모임에서 독서 모임 2개를 가입했다. 1개의 독서 모임은 동네 책방을 운영하시는 사장님의 소모임이었는데, 이 곳에서 주 4회 글쓰기 챌린지를 진행하고 있었다. 마침 역행자에서 책을 읽고 글을 쓰라고 했기 때문에 이 챌린지가 좋은 동기부여가 될 것 같았다. 7월부터 시작인데 이제 그 키워드들을 들고 핸드폰 없는 산책을 하면 될 것 같다.
대부분의 사람들이 이 책을 읽고 실행하지 않을 거라고 했다. 읽으면서 그 대다수에 속하고 싶지 않았다. 나도 책에서 시키는 대로 열심히 따라서 머지 않아 경제적 자유를 누리는 사람에 속하고 싶었다. 그러기 위해서 지금 해야할 일은 책을 읽고, 글을 쓰는 것이다. 책에서 지금 당장 서점에 가 마케팅 관련 서적을 20개 정도 둘러보고 2~3권을 사오라고 했다. 시키는 대로 하기 위해 난 이제 서점으로 간다."
자기계발,데일 카네기 인간관계론 (무삭제 완역본),데일 카네기 저/임상훈 역,현대지성,10350,2019년 10월,242535,9.6,"{'10대': 10.0, '20대': 9.0, '30대': 9.0, '40대': 9.0, '50대': 9.0}",352,"['#서탐대실', '#크레마클럽에있어요', '#북클러버의선택', '#요즘책방:책읽어드립니다', '#인생지침서']",2023,6,0,10,"원문주소 : https://sarak.yes24.com/review/17376573
전 세계적으로 6천만부가 판매된 최고의 인간관계 바이블, 워런 버핏의 인생을 바꿨다는 그 책을 이제서야 읽게 되었다. 우리의 삶 자체가 혼자서는 살 수 없고 매 순간 다른사람과의 관계를 통해서 이루어지기에 한편으로는 너무나 당연하고 뻔한 내용일거라 생각해서 그동안 독서 리스트에서 제외되었던 책이었다. 그런데 갑자기 읽어보고 싶어졌다. 내가 알고 있다고 생각하는 사람을 다루는 핵심 원리들이 과연 다 맞는 것인지, 또 알면서도 실천하지 못하고 있는 것은 없는지 한번 점검해보고 싶었다.
 데일 카네기는 1888년 미국 미주리주에서 가난한 농부의 아들로 태어났다. 어려운 환경속에서도 배움에 대한 열의가 강해 사범대학 졸업 후 교사, 세일즈 맨 등 사람을 대하는 다양한 직업을 거쳤고, 은퇴후 1912년 YMCA에서 대화 및 연설 기술을 강연하면서 일생의 전환점을 맞이했다고 한다. 케네기는 처음으로 인간관계에 대한 강연을 풍성한 사례와 실용적인 원칙들과 함께 제시했으며 그의 가르침은 지금까지도 수많은 사람들을 성공으로 이끌고 있다.
     이 책은  1부 사람을 다루는 기본방법, 2부 사람들이 당신을 좋아하도록 만드는 6가지 방법, 3부 사람을 설득하는 12가지 방법, 4부 기분 상하게 하거나 적개심을 불러일으키지 않고 사람을 바꾸는 9가지 방법, 5부. 기적 같은 결과를 낳은 편지들, 6부. 결혼생활을 행복하게 만드는 7가지 비결 . 이렇게 총 6부로 구성되어 있다. 다양한 사례들로 인간관계를 성공적으로 이끌어 줄 주옥같은 글들에 고개를 끄덕이며 밑줄을 그으며 읽어갔다. 그러나 그 내용들은 개별적인 각각의 것들이 아닌 공통된 진리로 수렴되는 진리들이었다.
    1부. 사람을 다루는 기본 방법으로 데일 카네기가 제일 먼저 제시하는 것은 비판하거나, 비난하거나, 불평하지 말라. 비판을 받지 아니하려거든 비판하지 말라고 조언한다. 자신을 바꾸는 것이 다른 사람을 고치려고 애쓰는 것보다 훨씬 더 유익하고 덜 위험하다. 인품이 훌륭하고 자제력이 있는 사람들은 다른 사람들을 이해하고 용서한다. 칼라일은 ""보잘 것 없는 사람들을 다루는 방식을 보면 그 사람이 위인인지 아닌지를 알 수 있다""고 말했다고 한다. 너무나 공감이 가는 내용이다. 때로 우리가 했던 비난들이 다시 화살이 되어 자신에게 돌아오는 경험을 한 적이 있을 것이다. 누구도 비판받거나 비난받는 것을 좋아하지 않을 것이다. 인간관계의 기본으로 너무나 공감이 가는 법칙이다.
두번째 기본방법은 솔직하게, 진심으로 인정하고 칭찬하라 . 사람이 가지고 있는 최고의 능력을 이끌어내는 방법은 인정과 격려이고, 상관의 비판만큼 야망을 죽이는 것은 없다. 다른 사람의 장점을 이해하려 노력하고 아첨하지 말고 정직하고 진심에서 우러나오는 인정을 해주면 그 사람은 그 말을 소중하게 받아들이고 평생에 걸쳐 그말을 보물처럼 여기고 반복할 것이다.
세번째로 다른 사람에게 열렬한 욕구를 불러일으켜라 . 세상에서 유일하게 다른 사람에게 영향을 미칠 수 있는 방법은 다른 사람이 원하는 것에 대해 이야기하고 어떻게 하면 그것을 얻을 수 있을지 보여주는 방법 뿐이다. 먼저 다른 사람에게 열렬한 욕구를 불러일으켜라. 이를 할 수 있는 사람은 온 세상을 갖게 될 것이다.
진심으로 인정하고 칭찬하고 비판하거나 비난하지 않으며 타인에게 열렬한 욕구를 불러일으키는 이 세가지 인간관계 핵심이론은 개인뿐만 아니라 조직의 리더가 반드시 새겨볼 덕목이라고 생각한다.
  2부에서 제시하는  사람들이 당신을 좋아하게 만드는 방법은 아래 총 6가지로 요약된다.
 1) 다른 사람에게 진심으로 관심을 가져라
 2) 웃어라
 3) 상대방의 이름은 그에게 있어서모든 말 중에서 가장 달콤하고 중요한 말로 들린다는 점을명심하라
 4) 잘 듣는 사람이 되어라, 다른 사람들이 자신에 대해 이야기하도록 만들어라
5) 다른 사람의 관심사에 맞춰 이야기하라
6) 다른 사람으로 하여금 자신이 중요한 사람이라고 느끼게 만들어라. 진심으로 그렇게 행동하라
  그 뒤에 이어지는 3~6부는 사실 어찌보면 1~2부의 핵심내용들을 실천하는 과정이라 볼 수 있어 반복되는 내용들이라 볼 수 있다.
  이 책이 고전으로 오랫동안 사람들의 사랑을 받는 이유는 내용이 특별해서가 아니라 우리가 알고 있지만 실천하지 못했던 진리들을 다시금 일깨워주기 때문일 거라 생각한다.
알고있는 것과 실천하는 것은 완전히 다른 것이므로 카네기의 인간관계론을 늘 머릿속에 생각하고 일상의 매 순간 실천하며 그의 바이블의 마법을 확인해보고 싶다."
자기계발,원씽 THE ONE THING,"게리 켈러, 제이 파파산 저/구세희 역",비즈니스북스,15120,2013년 08월,221520,9.4,"{'10대': 9.0, '20대': 9.0, '30대': 9.0, '40대': 9.0, '50대': 9.0}",280,"['#스페셜에디션', '#성공하고싶다면', '#일하는방식', '#생활습관', '#국립중앙도서관사서추천']",2023,6,0,10,"원문주소 : https://sarak.yes24.com/review/10986385
한참 미니멀리즘이라던가 잘 정리하는 법 같은 책이 유행했던 때가 있었다.
나도 항상 물건이 너저분하게 널려있는 책상 한 구석에서
책만 한 권 겨우 펴놓고 보는 타입이라
정리하기 기술을 알려주는 책을 두어권 사서 읽었다.
그런데 그런 책들이 하나같이 강조하는 것은
정리가 아니라 바로 잘 버리기였다.
나한테 필요하지 않고 중요하지 않은 물건들을
죄다 끌어안고 살려니 정리가 되지 않고
정리를 하더라도 금방 다시 원래대로 돌아간다는 것이다.
과연 물건을 몇 가지 버려보니 속이 시원하고
집이 훨씬 가볍고 정돈된 느낌이 들었다.
그 뒤로 정말 필요하고 중요한 물건이 아니면 그때그때 처분하려고 노력하고 있다.

'원씽'에서 말하고자 하는 것도 비슷하다.
다만 대상이 물건들이 아니라 일이라는 것,
그리고 버리기를 극한의 극한까지 밀어붙여 딱 하나만 남기라는 것이 다르다.
그래야 남다른 성과와 큰 성공을 이룰 수 있다고 한다.
'다른 모든 것을 더욱 쉽거나 필요 없게 만들 단 하나의 일은 무엇인가?'
이러한 초점 탐색 질문을 끊임없이 던지고 생각해서 그 하나에 집중해야 한다.
내가 모든 일을 다 잘 할 수도 없고, 모든 일을 다 완벽하게 하려들어서도 안된다.
나의 재능과 의지력, 시간은 모두 한정된 자원이기 때문이다.

그러기 위해서는 생각할 시간이 필요하다.
보도 섀퍼의 '돈'에서도 하루 종일 일만 하는 사람은 돈을 벌 시간이 없다고,
생각하고 질문하는 시간이 중요하다고 알려준다.
그래서 나의 단 하나는 무엇인지,
그것을 언제 어디서 어떻게 할 것인지 생각하고 계획할 시간을 확보해야 한다.
그런데 책을 읽다보니 저자는 휴식시간을 제일 먼저 확보해야 한다고 한다!
일을 하기도 전에 휴가계획을 먼저 짜라니, 뭔가 굉장한 CEO가 된 듯하다.
쉬면서 재충전하는 것이 그만큼 중요하다는 뜻일 것이다.

단 하나를 정하고 그것에 매진할 때,
그 뒤에 올 혼란을 두려워하지 말라고 말해준다.
그리고 큰 생각과 큰 성취도 두려워하지 말고,
자신의 한계를 미리 설정해놓지 말라고 한다.
흠, 멋지다. 큰 사람이 될 수 있을 것 같다.
멋지지만, 책의 후반부로 갈수록 꼭 큰 성취를 이루어야 하나 의문이 든다.
너무 남성적인 책이라는 느낌도 든다.
책을 읽을 수록 반드시 큰 성취를 이루어야 한다고
계속해서 압박과 푸쉬를 받는 느낌이다.
 꼭 큰 성과를 얻어야 하나?
이것저것 골고루 조금씩 성취하는, 저자의 말대로라면 작게 쪼개진 삶은 의미가 없는건가?
여러 영역에서 박학다식 하거나 잡기에 능하거나
산전수전 다 겪고 안해본 일이 없다거나 하는 사람은 성공하지 못한 사람인가?
반감이 스물스물 올라오고 점점 지루해질 때쯤 책의 마지막 장이 끝났다.

왜 반감이 들까 곰곰이 생각해본다.
저자가 말한대로 큰 것에 대한 두려움 때문일까?
그럴 수도 있겠다.
나는 사람 많은 곳에서나 팀 회의 때는
있는 듯 없는 듯 조용히 행동하려고 하는 소심한 사람이니까.
남다른 성과 어쩌고 하는 부분은 잘 모르겠지만,
일에서도 잘 버리기가 중요하다는 메세지는 아주 좋았다.
일을 하다보면 이것도 해야겠고, 저것도 해야겠고,
이것도 배워둬야 겠고, 저것도 잘 하고 싶고,
그런 것들이 쌓이게 되고 결국 일에 허덕이게 되기 때문이다.
차분히 생각해보고, 정말 나에게 중요하고 가치있는 일들만 선택해야겠다."
자기계발,데일 카네기 자기관리론,데일 카네기 저/임상훈 역,현대지성,10350,2021년 01월,152799,9.7,"{'10대': 9.0, '20대': 9.0, '30대': 9.0, '40대': 9.0, '50대': 9.0}",424,"['#페이커가읽은책', '#서탐대실', '#크레마클럽에있어요', '#자기관리', '#건강한자기관리']",2023,6,0,10,"원문주소 : https://sarak.yes24.com/review/15692993

   사람은 망각의 동물이다. 걱정해봐야 벌어진 일은 하나도 해결되지 않건만 항상 걱정을 한다. 카네기가 한 번만 읽지 말고 자주 읽으라는 말은 인간의 문제를 잘 지적했다고 이해되고 잘 마케팅된 조언이라고 본다. 벌어진 일을 해결하는 것은 실력, 실력을 만드는 지식과 경험이 내 안에서 축적될 때에 가능하다. 그 후엔 걱정의 대상을 해체하기 위한 시간의 순서, 순서에 맞는 행동을 결정하면 된다. 물론 실력을 뒷받침하는 좋은 성품이 더해져야 많은 사람들의 도움과 협력을 받아 더 큰 문제를 해결할 수 있다. 그럼에도 할 수 없는 일은 받아들여야 할 뿐이다. 
   이것을 배우는데 얼마나 걸릴까? 내 경험으로 보면 꽤 오래 걸렸다. 그것도 기대하는 수준도 아니다. 이해의 초입에 다다르는데 38년을 넘게 사용했고, 몇 가지를 겨우 사용해 볼 수준이 되는데 10년은 더 사용한 것 같다. 이해하는 것과 할 수 있는 것은 또 다른 문제다. 이때에 성품이 가장 큰 영향을 준다. 
   카네기가 공자를 말할 때 신선했다. 사실 많은 내용은 동양고전을 읽으며 생각하는 과정에서 더 많이 배웠다. 문제라면 대략 어떤 느낌과 감이 오는지는 알겠는데 구체적으로 설명하기 참 어렵다. 그건 내가 부족한 문제다. 신선한다고 표현한 이유는 카네기도 비슷한 말을 한다는 것이다. '걱정은 해결책이 아니다'라는 말보다 '일체유심조'가 더 명확하게 보일 때가 있다. 그 마음에 무엇을 담을 것인가는 각자의 지식 공부와 마음공부에 달린 일이다.
   사실 생각이 바뀌면 행동이 바뀐다는 것은 이성적이고 합리적인 추정이다. 마음이 안 바뀌면 생각이 바뀌어도 희귀한 오류를 양산하는 것이 인간이다. 그런 생각이 많이 들었다. 
   10년 전쯤 머리 싸매고 용을 쓰는 이사님께 ""이사님 걱정돼시죠""라고 물었더니 쉬지도 않고 답이 나온다 ""그렇지"". ""아휴 걱정이 해결책이 아니에요. 늦었으니 얼른 퇴근해서 푹 쉬세요. 저 먼저 퇴근합니다~""라고 했더니 눈이 동그레 지셨던 기억이 생각난다. 분수 것 살아가 봐야겠다.
  #데일카네기 #자기관리론 #누굴탓해? #마음공부 #지식공부 #경험축적 #삼위일체 #독서 #khori"
자기계발,누구도 나를 파괴할 수 없다,데이비드 고긴스 저/이영래 역,웅진지식하우스,17100,2023년 06월,38724,9.5,"{'10대': 0.0, '20대': 10.0, '30대': 9.0, '40대': 9.0, '50대': 10.0}",452,"['#크레마클럽에있어요', '#삶의자세', '#팩트폭행인생조언', '#멘탈챙겨']",2023,6,0,10,"원문주소 : https://sarak.yes24.com/review/18700929
영웅이 등장하는 영화나 소설은 어쩌면 정해진 플롯을 따라가고 있는지 모른다. 영웅이 등장한다. 그리고 영웅보다 더 큰 세력이나 힘을 가진 빌런이 등장한다. 영웅은 역경이 처해있다. 그럼에도 그 역경을 이겨내고 앞길을 막는 빌런도 몰아내면서 승리를 쟁취하는 구조이다. 그 역경이 크면 클수록 빌런이 거대하면 거대할수록 영웅의 승리는 커지므로 초반의 영웅과 빌런의 차이를 보여주는 비교는 필수적이다. 그럼에도 나를 포함한 많은 사람들은 영웅의 이야기에 환호를 보내며 그들의 이야기를 보고 즐긴다. 어쩌면 나보다 더 힘든 환경에서도 큰 성과를 이루어 내는 그들의 모습을 보면서 희망과 용기를 얻기 위해서일지도 모르겠다.
  많은 자기계발서도 비슷한 구조를 가진다. 대게는 그 빌런이 과거의 자신으로 표현되는데 그것을 이겨내고 삶에서 성과를 이루어내는 과정을 그리는 것이 많다. 그것을 깨닫고는 자기계발서는 자주 읽지는 않지만 그럼에도 가끔 삶이 나태하다고 느낄 때 반성의 의미로 손이 가는 것도 사실이다. 데이비드 고긴스의 『누구도 나를 파괴할 수 없다』도 무기력함에 빠져 허덕일 때 집은 책이다.
  미국의 네이비 실 출신으로 육군과 공군의 특수부대 훈련을 모수 소화한 군인으로 울트라 마라톤을 출전하고 턱걸이 기네스 기록을 가진 저자라고 소개되었기에 그가 하는 들려주는 말은 책 표지만 보아도 어렴풋이 추측이 가능해 보였다. 그럼에도 책을 읽게 된 동기는 책의 프롤로그격인 ‘들어가며’에서 발견한 문장 때문이다.
  아무리 뛰어난 격려의 말도, 자기 계발 비법도 임시방편일 뿐이다. 그것으로는 뇌의 배선이 달라지지 않는다. 당신의 목소리를 증폭시키지도, 당신의 삶을 더 낫게 만들지도 않는다. 동기부여로 바뀌는 사람은 아무도 없다. (11쪽)
  동기부여를 위해 집은 책인데 동기부여로 바뀌는 것은 아무것도 없다니 조금은 다른 내용인 것 같다는 생각이 들었다. 『누구도 나를 파괴할 수 없다』는 자기계발서의 내용도 물론 포함하고 있지만 데이비드 고긴스라는 인물의 자서전과 비슷하다는 생각이 들었다. 책에는 식당에서 바퀴벌레를 잡는 일을 하던 그가 네이비 실에 지원을 하고 아프가니스탄에서 잃은 전우를 위해 울트라마라톤에 지원을 하는 등 점차 자신의 삶을 완성하는 과정을 그리고 있다. 어쩌면 많은 역경을 이겨내고 성공한 이들의 삶에서 엿볼 수 있는 것과 비슷한 점도 많지만 인상적인 점이 두 가지 있었다.
  먼저 저자가 ‘40퍼센트의 법칙’이라고 부르는 것이다. 저자는 이를 연료와 공기의 흐름을 제한해서 자동차가 가열되지 않도록 하는 조절기에 비유를 한다. 그 조절기가 우리의 최대 능력에서 40퍼센트쯤만 발휘하면 한계임을 직시하고 포기하도록 한다는 것이다. 저자는 최대 한계까지 왔다고 느낄 때도 60퍼센트의 능력을 더 갖고 있다고 주장한다. 그것이 다리가 부러진 상태에서도 계속 달리고 하루 종일 달려야 하는 울트라마라톤에서의 고통을 견디게 해 주었다는 것이다.
  여기에 저자가 조절기라고 말하는 것에 대한 반론이 있을 수 있다. 그리스의 용사 페이디피데스가 마라톤 전장에서 아테네까지 약 40km를 쉬지 않고 달려 그리스의 승리를 알리고 숨을 거두었다는 유명한 일화가 있다. 만약 그가 10km 마다 조금씩 쉬어 갔다면 승전의 소식은 조금 늦었을지도 모르지만 그는 승전국의 용사로 더 상세한 소식을 전할 수 있지 않았을까 생각도 드는 것도 사실이다. 이 페이디피데스가 조절기를 제거하고 달린 사례일 것이다. 그렇지만 저자가 주장하는 ‘40퍼센트의 법칙’은 잠재력은 자기 자신의 생각하는 것보다 더 크다는 점으로만 인식하면 좋을 것 같다.
  둘째로는 성공한 이들에게 자주 보여 조금 흔한 내용이지만 저자가 실패를 대하는 태도이다. 턱걸이 세계기록을 손의 물집으로 두 번째 실패하고 돌아오는 길에 그의 어머니는 저자에게 한 가지는 알겠다고 말한다. 그것을 네가 이런 일을 다시 할 거라는 걸라고... 그녀의 말처럼 저자는 손의 치료가 끝나는 대로 수행 보고서를 살펴보고는 세 번째 도전 끝에 기네스도전에 성공을 한다. 실패는 목표로 가는 과정이라는 것을 몸소 보여준 것이다. 적어도 저자는 한 두 번의 실패로 그의 목표를 수정하거나 포기하지는 않은 것이다.
  우리가 잘 아는 영웅의 이야기처럼 역경과 고난을 이겨내고 자신의 목표를 이루는 것에 성공하는 것을 보는 일은 부럽기도 하지만 나도 할 수 있다는 동기부여가 되기도 한다. 하지만 앞서 저자가 이야기했듯이 동기부여만으로는 바뀌지 않는다. 동기가 행동이 될 때 삶이 조금씩 바뀌어 가는 것이다. 그렇다고 동기부여가 의미가 없다는 것은 아니다. 무언가를 바꿔볼 행동의 시작은 바로 동기부여에서 시작되는 경우가 많기 때문이다. 그래서 자기계발서를 놓지 않고 읽는 이유이가도 하다"
자기계발,타이탄의 도구들 (블랙 에디션),"팀 페리스 저/박선령, 정지현 역",토네이도,16200,2022년 06월,158916,9.3,"{'10대': 6.0, '20대': 9.0, '30대': 9.0, '40대': 9.0, '50대': 8.0}",367,"['#책읽아웃', '#크레마클럽에있어요', '#인생지침서', '#오늘부터시작', '#성공하고싶다면']",2023,6,0,10,"원문주소 : https://sarak.yes24.com/review/9663913
감동과 카타르시스를 주는 책이 있다. 스토리가 재미있어서 술술 책장이 넘어가는 책도 있다. 지루한 책도 있고, 얻을 것이 거의 없는 악서도 있게 마련이다. [타이탄의 도구들]을 읽고 나서 느끼는 점은 단순한 자기계발서가 아니라는 것이다. 자각과 통찰, 깨달음과 자극을 준다는 점에서는 철학서 못지 않고, 실천의지를 다지게 해주는 점에서는 훌륭한 자기계발서이다. 위대한 인물들의 스토리와 생활습관을 돌아볼 수 있다는 점에서는 여러 인물들의 다이제스트판 옴니버스 평전일 수도 있을 것이다.

사람들은 자기계발서를 도외시하는 경우가 적지 않다. 왜 그럴까? 나는 곰곰히 생각해 보았다. 여러 가지로 도움이 되는 내용과 교훈을 담고 있는데, 외면하는 이유는 뭘까? 바로 실행력에 있었다. 만약 독자들이 자기계발서를 읽고 느낀 교훈과 자각을 곧바로 실천에 옮겨 습관화했다면, 분명 삶이 나아질 것이고, 결국 그 책에 대한 만족도는 높아질 것이다. 하지만 독서와 실천이 이어지지 못하는 경우가 대부분이기에 결국 읽어봐야 소용이 없다고 생각할 수 있을 것이다.

전에 읽었던 책들, [실행에 집중하라], [끝까지 하는 힘], [The One Thing], [실행이 답이다] 등은 모두 비전과 목표를 중시하는 동시에 실천력을 매우 강조한 책들이다. 결국 현장에 답이 있고, 실천과 추진력이 성과를 내고 목표를 달성하는 법이다. 제2차 세계대전에서 연합국의 반대편에 있었던 독일의 명장 에르빈 롬멜이 쓴 책을 읽었는데, 그 제목이 아직도 생생하고 나의 사고를 지배하고 있다. 바로 [나는 탁상위의 전략은 믿지 않는다]이다. 그 책을 읽고나서는 탁상공론, 실천없는 목표 등을 가장 경계하고 멀리하게 되었다. 꿈만 꾸는 사람이 되기 싫었다. 밀고 나가는 힘, 끝까지 해내는 힘을 갖고 싶었고, 사소한 한가지라도 반드시 이뤄내, 이런 성취감을 차곡차곡 쌓아올리는 것에 대해 관심을 갖게 되었다.

이 책은 출간 전부터 세간의 관심을 받았다고 한다. 저자는 글로벌 CEO, 석학, 언론들에게서 ‘이 시대 가장 혁신적인 아이콘’으로 평가받는 프린스턴 대학교의 교수이다. 프린스턴 대학교에서 ‘기업가 정신’을 강의하는 그의 책, [타이탄의 도구들]은 2017년 아마존 종합 베스트셀러 1위에 올랐다고 한다. 세스 고딘, 알랭 드 보통, 말콤 글래드웰, 파울로 코엘료 등 세계적인 석학, 작가들을 비롯해 구글, 픽사, 페이팔, 인스타그램, 넷플릭스 등 최고의 혁신기업 창업가와 CEO, 슈퍼리치, 협상가, 크리에이티브 디렉터, 예술가, 전문직 종사자, 피트니스 전문가에 이르기까지 다양한 타이탄들이 팀 페리스의 방송에 나와 삶의 철학과 습관, 성공담을 공유했다고 한다. 저자의 [팀 페리스 쇼]는 아이튠스에서 3년 연속 최고의 청취율을 기록했고, 팟캐스트 비즈니스 분야 최초로 다운로드 수 1억 회를 돌파했다고 한다.

세계 최고들의 생생한 목소리가 담긴 인터뷰, 그리고 그들이 제시한 다양한 성공 비결들을 자신의 일상에 직접 적용해 얻은 탁월한 성과와 경험들을 총 망라해 이 책에 담았다. 저자는 타이탄들의 성공비결을 한 마디로 요약한다. 그것은 바로 [담대한 목표와 그것을 돕는 디테일]이다. 그들은 작은 것에서 큰 기회를 찾아내는 남다른 일상의 루틴과 습관을 갖고 있었다고 한다. 강력한 집중력을 가졌고, 사소한 일이라도 반드시 목표를 이루는 사람들이었다. 그리고 매일 실패에서 배우는 사람들이다.

이 책은 스티브잡스, 일론 머스크, 마크 저커버그, 제프 베조스, 리처드 브랜슨 등 글로벌 기업의 창업가와 같은 1등을 거론하지 않는다. 하지만 이 책에 등장하는 60여명의 타이탄들은 1등과 싸워 이긴 사람들이었다. 따라서 신화적인 요소는 발견되지 않는다. 우리가 따라하기 힘든 것들, 너무나 먼 나라의 이야기가 아닌, 우리가 일상에서 곧바로 실천하고 습관화할 수 있는, 하지만 탁월한 내용들로 꽉 차 있다.

이 책은 세상에서 가장 성공한 사람들, 지혜로운 사람들, 건강한 사람들로 분류하고, 모두 61개의 테마로 구성되어 있다. 테마별로 해당되는 타이탄들이 등장하고, 그들과의 인터뷰, 함께 했던 경험 등을 기반으로 해서 저자의 경험을 더해, 독자에게 깨달음과 통찰을 선물하고 있다. 흥미진진한 내용들과 놀랄만한 성취경험, 그리고 매우 단순한 실천방법과 루틴 등을 배우게 된다. 61개의 다양한 분야와 스토리에 등장하는 타이탄들의 성취와 습관, 실패를 딛고 일어선 경험과 노하우 등을 접하게 되고, 저자의 실천 경험과 어우러져 독자들에게 교훈과 방향성을 제시하고 있는 책이다.

결점 투성이의 사람들이 땀과 노력, 정교한 계획과 전략으로 한 걸음씩 전진한 놀라운 성취들이 독자들을 열광하게 만든다. 결국 이 책의 독자는 나도 할 수 있겠구나라는 자신감을 얻게 되고, 목표를 이루는 많은 방법들을 배우게 된다. 물론 실천은 독자의 몫이지만, 일상의 루틴을 만들고, 그 루틴을 반복적으로 행해 습관화하는 것의 중요함을 절실히 깨닫게 된다. 담대한 목표를 세우는 것에 거리감 없이 도전하게 만든다. 일상에서 요구하는 수준 이상의 담대한 목표를 갖는 것이 얼마나 중요한지 깨닫게 하고, 장기적이고 원대한 목표에 다가서는 독자에게 플레잉 코치처럼 동행하며 조언을 해주는 역할을 한다.

1회독으로 끝낼 책은 절대 아니라고 생각한다. 밑줄을 긋고, 형광펜을 입히고, 책 모서리를 접으면서 매우 즐겁게, 감동적으로, 고개를 끄덕여가며 읽었다. 당장 삶 속에서 실천해보고 싶은 내용들은 메모도 하게 되었다. 인스턴트 음식이 아닌 잘 차려진 만찬과도 같은 책이다. 이미 지인들에게 몇 권을 선물했는데, 몇 권 더 구입할 생각이다. 적이 알면 안되는(?) 책이라고 말하면 지나친 과장일까? 소장가치가 충분하고 필요할 때 다시 꺼내 읽어야 하는 그런 책이다. 여운이 오래가는 명저라고 생각한다."
자기계발,몰입 합본판 (100쇄 기념 합본 에디션),황농문 저,알에이치코리아(RHK),28800,2020년 07월,29208,9.6,"{'10대': 0.0, '20대': 10.0, '30대': 9.0, '40대': 9.0, '50대': 10.0}",632,"['#크레마클럽에있어요', '#합본판']",2023,6,0,10,"원문주소 : https://sarak.yes24.com/review/13524877
중독과 몰입의 차이는 무엇일까?
어떤 때 사람들은 몰입한다고 하는가?
좋은 몰입이 있고 나쁜 몰입이 있을까?
몰입을 유지하는 방법은 무엇일까?
명상과 몰입은 관계가 있을까? 
등등등
많은 몰입에 관한 궁금증과
현실적인 방법들이 담겨 있는 책이다.
어렸을 적, 분명 친구들하고 놀 때는 
시간이 금방 갔는데 공부할 때는 
시간이 멈춘 것 같았다.
무슨 차이일까? 바로 몰입이다.
또 예전 고등학생 때 4당 5락이라는 말을 많이 들었었다.
저자는 시간의 확보도 중요하지만 더 중요한 것은
몰입이라는 간결한 진리를 우리에게 전해 준다.
솔직히 저자는 4당 5락 같이 시간의 중요성보다는
몰입의 중요성을 강력하게 말한다.
피곤하면 집중도가 떨어지고 효율이 떨어지기 때문이다.
자식이 있는 부모라면 꼭 먼저 읽고 
자식에게도 알려 주면 좋을 것 같다.
일을 시작할 때, 처음에 조금 늦는 것 같아 보여도
계획을 세우고 우선순위를 정해서
착착착 진행하는 것이 마지막에 가서는
더 좋은 결과를 만드는 경우가 많다.
더 좋은 결과를 만들기 위해 몰입을 하면 더 좋다.
그런 몰입에 관한 현실적인 조언들을 해 준다.
많은 예시가 이해를 도와 준다.
몰입의 나쁜 예시도 이야기해 주기에
내가 혹 나쁜 예시에 적용되는 행동을 하고 있다면
빠져 나오는 데에도 도움을 준다.
중독도 몰입은 몰입이다.
하지만 중독은 가장 쉽게 찾아볼 수 있는 
몰입의 나쁜 예 중 하나다.
별을 5개 만점에 6개 주고 싶은 책이다.
그리고 나만 알고 싶은 책이다.
아무도 안 샀으면 좋겠다.
나만 알게. ^^
아 그리고 책은 무기다. 지식은 무기다.
이 책도 무기다. 합본이라 무겁다. 벽돌이다.
위험할 때도 '몰입'을 사용하자. ^^;"
자기계발,몰입 Think hard!,황농문 저,알에이치코리아(RHK),16200,2007년 12월,63312,8.4,"{'10대': 10.0, '20대': 8.0, '30대': 8.0, '40대': 7.0, '50대': 8.0}",290,"['#올해의책', '#생활습관']",2023,6,0,10,"원문주소 : https://sarak.yes24.com/review/16335072
우선 쉽게 읽히는 책입니다.
딱딱할 것 같은 주제와 다르게 일상적인 문체로 쓰여져 이해하기도 쉽고 편하게 읽을 수 있습니다. 맘먹고 펼쳐들어야하는 책이 아니라 좋습니다.
학습적인 면에서 몰입을 생각했지만 읽을수록 인생의 아름다움을 느끼게 하는 묘한 책입니다. 빌려서 봤다가 감동받은 부분이 너무 많아서 구매하게 되었는데 든든하네요. 가끔 고민이나 중요하게 기억해야할 부분이 있으면 출퇴근길에 몰입하듯 천천히 생각하는데 생각만하는데도 시간이 빨리 흐르고 정리가 되는 듯한 느낌적인 느낌!
  어떠한 상황이든 인생을 농도깊게 보내고 싶다면 정말 추천하는 책입니다.
감사합니다:)"
자기계발,네 인생 우습지 않다,전한길 저,21세기북스,16200,2024년 07월,73233,9.5,"{'10대': 0.0, '20대': 9.0, '30대': 9.0, '40대': 9.0, '50대': 10.0}",244,"['#크레마클럽에있어요', '#멘탈챙겨']",2023,6,0,10,"원문주소 : https://sarak.yes24.com/review/18054670
어느 날 추천받아 본 한길쌤의 쓴소리..
머리는 아는데 몸은 여전히 제자리인 제 삶이 보이더군요.
정신 바로 차리고 인생에 집중하게 되었습니다
저 자신과 가장 친한 친구 선물주려고 샀습니다.

가족과 친구 그리고 제 자신마저 인생을 방황하고 있는 절 한심하게만 보지만,
책과 동영상 속 한길쌤은 진심으로 정말 진심으로 저희 모두의 인생이 바뀌길 원하시더라고요.. 쓴소리와 정신차리라는 삶의 모든 영상을 보고 기분나쁜 잔소리가 아닌 정말 절 위한 충고로 들렸습니다.

제 인생 우습지않고 허탈하지 않음을 책읽고 다시 재정비하며 보겠습니다.
감사합니다"
